time,satsPerByte
2020-05-22 12:00:00,120
2020-05-23 00:00:00,89.1
2020-05-23 12:00:00,94.5
2020-05-24 00:00:00,47
2020-05-24 12:00:00,62.1
2020-05-25 00:00:00,56.1
2020-05-25 12:00:00,74.3
2020-05-26 00:00:00,53
2020-05-26 12:00:00,50.4
2020-05-27 00:00:00,43.4
2020-05-27 12:00:00,47.4
2020-05-28 00:00:00,41.2
2020-05-28 12:00:00,80.9
2020-05-29 00:00:00,58
2020-05-29 12:00:00,94.7
2020-05-30 00:00:00,20
2020-05-30 12:00:00,37.4
2020-05-31 00:00:00,19.2
2020-05-31 12:00:00,33.5
2020-06-01 00:00:00,45.2
2020-06-01 12:00:00,57.3
2020-06-02 00:00:00,50.3
2020-06-02 12:00:00,77.6
2020-06-03 00:00:00,50.7
2020-06-03 12:00:00,61.8
2020-06-04 00:00:00,36.3
2020-06-04 12:00:00,48
2020-06-05 00:00:00,23.1
2020-06-05 12:00:00,29.7
2020-06-06 00:00:00,9.81
2020-06-06 12:00:00,17.1
2020-06-07 00:00:00,4.67
2020-06-07 12:00:00,16
2020-06-08 00:00:00,12.6
2020-06-08 12:00:00,27.2
2020-06-09 00:00:00,17.4
2020-06-09 12:00:00,22.6
2020-06-10 00:00:00,14.5
2020-06-10 12:00:00,25.6
2020-06-11 00:00:00,20.8
2020-06-11 12:00:00,22.1
2020-06-12 00:00:00,14.8
2020-06-12 12:00:00,20.4
2020-06-13 00:00:00,10.1
2020-06-13 12:00:00,11.8
2020-06-14 00:00:00,4.86
2020-06-14 12:00:00,7
2020-06-15 00:00:00,9.72
2020-06-15 12:00:00,33.7
2020-06-16 00:00:00,27
2020-06-16 12:00:00,39.6
2020-06-17 00:00:00,34.3
2020-06-17 12:00:00,31.5
2020-06-18 00:00:00,24.5
2020-06-18 12:00:00,44.6
2020-06-19 00:00:00,32.9
2020-06-19 12:00:00,32.8
2020-06-20 00:00:00,19.4
2020-06-20 12:00:00,20
2020-06-21 00:00:00,8.64
2020-06-21 12:00:00,15.5
2020-06-22 00:00:00,13.5
2020-06-22 12:00:00,26.3
2020-06-23 00:00:00,19.4
2020-06-23 12:00:00,29.3
2020-06-24 00:00:00,28.5
2020-06-24 12:00:00,28.6
2020-06-25 00:00:00,26.7
2020-06-25 12:00:00,27.9
2020-06-26 00:00:00,18.8
2020-06-26 12:00:00,18.9
2020-06-27 00:00:00,13.8
2020-06-27 12:00:00,14.8
2020-06-28 00:00:00,8.79
2020-06-28 12:00:00,11.9
2020-06-29 00:00:00,12.8
2020-06-29 12:00:00,24.5
2020-06-30 00:00:00,16.9
2020-06-30 12:00:00,36.1
2020-07-01 00:00:00,29.6
2020-07-01 12:00:00,47.6
2020-07-02 00:00:00,25
2020-07-02 12:00:00,47.4
2020-07-03 00:00:00,28.2
2020-07-03 12:00:00,40.5
2020-07-04 00:00:00,16.9
2020-07-04 12:00:00,19.5
2020-07-05 00:00:00,9.38
2020-07-05 12:00:00,14.2
2020-07-06 00:00:00,14.8
2020-07-06 12:00:00,21
2020-07-07 00:00:00,15.9
2020-07-07 12:00:00,30.4
2020-07-08 00:00:00,18
2020-07-08 12:00:00,34.8
2020-07-09 00:00:00,22.6
2020-07-09 12:00:00,39.7
2020-07-10 00:00:00,22.8
2020-07-10 12:00:00,33.5
2020-07-11 00:00:00,16.3
2020-07-11 12:00:00,20.2
2020-07-12 00:00:00,16.4
2020-07-12 12:00:00,13.5
2020-07-13 00:00:00,16.1
2020-07-13 12:00:00,36.7
2020-07-14 00:00:00,40
2020-07-14 12:00:00,43.9
2020-07-15 00:00:00,35
2020-07-15 12:00:00,62.1
2020-07-16 00:00:00,47.8
2020-07-16 12:00:00,64.2
2020-07-17 00:00:00,53.2
2020-07-17 12:00:00,75.7
2020-07-18 00:00:00,67.4
2020-07-18 12:00:00,57.4
2020-07-19 00:00:00,31.6
2020-07-19 12:00:00,37.2
2020-07-20 00:00:00,32.9
2020-07-20 12:00:00,85.3
2020-07-21 00:00:00,57.2
2020-07-21 12:00:00,107
2020-07-22 00:00:00,102
2020-07-22 12:00:00,109
2020-07-23 00:00:00,81.2
2020-07-23 12:00:00,117
2020-07-24 00:00:00,65.7
2020-07-24 12:00:00,93.6
2020-07-25 00:00:00,50.2
2020-07-25 12:00:00,79.8
2020-07-26 00:00:00,50.6
2020-07-26 12:00:00,58.3
2020-07-27 00:00:00,55.2
2020-07-27 12:00:00,105
2020-07-28 00:00:00,114
2020-07-28 12:00:00,156
2020-07-29 00:00:00,100
2020-07-29 12:00:00,161
2020-07-30 00:00:00,123
2020-07-30 12:00:00,160
2020-07-31 00:00:00,105
2020-07-31 12:00:00,124
2020-08-01 00:00:00,84.5
2020-08-01 12:00:00,113
2020-08-02 00:00:00,80.2
2020-08-02 12:00:00,67.9
2020-08-03 00:00:00,52.3
2020-08-03 12:00:00,88.7
2020-08-04 00:00:00,59.2
2020-08-04 12:00:00,94.3
2020-08-05 00:00:00,64.2
2020-08-05 12:00:00,143
2020-08-06 00:00:00,124
2020-08-06 12:00:00,135
2020-08-07 00:00:00,93.2
2020-08-07 12:00:00,87.5
2020-08-08 00:00:00,38.8
2020-08-08 12:00:00,49.9
2020-08-09 00:00:00,29.7
2020-08-09 12:00:00,25.2
2020-08-10 00:00:00,55.7
2020-08-10 12:00:00,134
2020-08-11 00:00:00,62.2
2020-08-11 12:00:00,120
2020-08-12 00:00:00,62.7
2020-08-12 12:00:00,102
2020-08-13 00:00:00,58.4
2020-08-13 12:00:00,78.5
2020-08-14 00:00:00,54.4
2020-08-14 12:00:00,71.4
2020-08-15 00:00:00,33.5
2020-08-15 12:00:00,39.9
2020-08-16 00:00:00,30.1
2020-08-16 12:00:00,40.2
2020-08-17 00:00:00,37.2
2020-08-17 12:00:00,98.1
2020-08-18 00:00:00,106
2020-08-18 12:00:00,134
2020-08-19 00:00:00,96.6
2020-08-19 12:00:00,128
2020-08-20 00:00:00,83.5
2020-08-20 12:00:00,97.1
2020-08-21 00:00:00,57.1
2020-08-21 12:00:00,119
2020-08-22 00:00:00,68
2020-08-22 12:00:00,56.4
2020-08-23 00:00:00,22.3
2020-08-23 12:00:00,33.6
2020-08-24 00:00:00,29.9
2020-08-24 12:00:00,56.6
2020-08-25 00:00:00,48.4
2020-08-25 12:00:00,87.6
2020-08-26 00:00:00,51.8
2020-08-26 12:00:00,104
2020-08-27 00:00:00,83.9
2020-08-27 12:00:00,118
2020-08-28 00:00:00,50.5
2020-08-28 12:00:00,64
2020-08-29 00:00:00,36.4
2020-08-29 12:00:00,42
2020-08-30 00:00:00,45.6
2020-08-30 12:00:00,49.2
2020-08-31 00:00:00,43
2020-08-31 12:00:00,87.9
2020-09-01 00:00:00,65.3
2020-09-01 12:00:00,88.9
2020-09-02 00:00:00,65.3
2020-09-02 12:00:00,119
2020-09-03 00:00:00,86.9
2020-09-03 12:00:00,123
2020-09-04 00:00:00,116
2020-09-04 12:00:00,132
2020-09-05 00:00:00,96.5
2020-09-05 12:00:00,83.1
2020-09-06 00:00:00,43.1
2020-09-06 12:00:00,41.9
2020-09-07 00:00:00,42.1
2020-09-07 12:00:00,48.6
2020-09-08 00:00:00,35.7
2020-09-08 12:00:00,49.9
2020-09-09 00:00:00,37.1
2020-09-09 12:00:00,83.4
2020-09-10 00:00:00,60.8
2020-09-10 12:00:00,76.4
2020-09-11 00:00:00,53.3
2020-09-11 12:00:00,70.8
2020-09-12 00:00:00,38.3
2020-09-12 12:00:00,27.5
2020-09-13 00:00:00,9.95
2020-09-13 12:00:00,33.8
2020-09-14 00:00:00,18.3
2020-09-14 12:00:00,49.9
2020-09-15 00:00:00,40.9
2020-09-15 12:00:00,50.2
2020-09-16 00:00:00,38.2
2020-09-16 12:00:00,46.8
2020-09-17 00:00:00,25.6
2020-09-17 12:00:00,41.8
2020-09-18 00:00:00,18.5
2020-09-18 12:00:00,67.9
2020-09-19 00:00:00,31.5
2020-09-19 12:00:00,25.5
2020-09-20 00:00:00,12.1
2020-09-20 12:00:00,19.6
2020-09-21 00:00:00,19.6
2020-09-21 12:00:00,67.3
2020-09-22 00:00:00,40.4
2020-09-22 12:00:00,67.4
2020-09-23 00:00:00,63.6
2020-09-23 12:00:00,73.6
2020-09-24 00:00:00,51.4
2020-09-24 12:00:00,62.9
2020-09-25 00:00:00,37.6
2020-09-25 12:00:00,48.1
2020-09-26 00:00:00,29.8
2020-09-26 12:00:00,19.6
2020-09-27 00:00:00,18.4
2020-09-27 12:00:00,27.5
2020-09-28 00:00:00,24.5
2020-09-28 12:00:00,61.2
2020-09-29 00:00:00,45.7
2020-09-29 12:00:00,65.8
2020-09-30 00:00:00,52.2
2020-09-30 12:00:00,71.7
2020-10-01 00:00:00,62.5
2020-10-01 12:00:00,101
2020-10-02 00:00:00,87.7
2020-10-02 12:00:00,101
2020-10-03 00:00:00,44.1
2020-10-03 12:00:00,53.6
2020-10-04 00:00:00,23.6
2020-10-04 12:00:00,47
2020-10-05 00:00:00,28.1
2020-10-05 12:00:00,107
2020-10-06 00:00:00,61.3
2020-10-06 12:00:00,115
2020-10-07 00:00:00,71.9
2020-10-07 12:00:00,63.5
2020-10-08 00:00:00,31.5
2020-10-08 12:00:00,103
2020-10-09 00:00:00,61.1
2020-10-09 12:00:00,94.7
2020-10-10 00:00:00,58.9
2020-10-10 12:00:00,46.8
2020-10-11 00:00:00,18.1
2020-10-11 12:00:00,37.9
2020-10-12 00:00:00,22
2020-10-12 12:00:00,60.6
2020-10-13 00:00:00,48.2
2020-10-13 12:00:00,54.3
2020-10-14 00:00:00,30.9
2020-10-14 12:00:00,57.3
2020-10-15 00:00:00,38.1
2020-10-15 12:00:00,49.3
2020-10-16 00:00:00,31
2020-10-16 12:00:00,39.1
2020-10-17 00:00:00,11.7
2020-10-17 12:00:00,19.6
2020-10-18 00:00:00,18.8
2020-10-18 12:00:00,36.3
2020-10-19 00:00:00,20.6
2020-10-19 12:00:00,47.9
2020-10-20 00:00:00,33.5
2020-10-20 12:00:00,81.2
2020-10-21 00:00:00,67.8
2020-10-21 12:00:00,120
2020-10-22 00:00:00,126
2020-10-22 12:00:00,131
2020-10-23 00:00:00,115
2020-10-23 12:00:00,127
2020-10-24 00:00:00,47.4
2020-10-24 12:00:00,57.1
2020-10-25 00:00:00,39.4
2020-10-25 12:00:00,59.9
2020-10-26 00:00:00,56.6
2020-10-26 12:00:00,154
2020-10-27 00:00:00,180
2020-10-27 12:00:00,224
2020-10-28 00:00:00,232
2020-10-28 12:00:00,270
2020-10-29 00:00:00,259
2020-10-29 12:00:00,298
2020-10-30 00:00:00,276
2020-10-30 12:00:00,297
2020-10-31 00:00:00,296
2020-10-31 12:00:00,291
2020-11-01 00:00:00,169
2020-11-01 12:00:00,145
2020-11-02 00:00:00,121
2020-11-02 12:00:00,281
2020-11-03 00:00:00,215
2020-11-03 12:00:00,241
2020-11-04 00:00:00,116
2020-11-04 12:00:00,134
2020-11-05 00:00:00,85.1
2020-11-05 12:00:00,218
2020-11-06 00:00:00,145
2020-11-06 12:00:00,171
2020-11-07 00:00:00,67.4
2020-11-07 12:00:00,67
2020-11-08 00:00:00,37
2020-11-08 12:00:00,60.4
2020-11-09 00:00:00,35.9
2020-11-09 12:00:00,81.9
2020-11-10 00:00:00,60.2
2020-11-10 12:00:00,113
2020-11-11 00:00:00,57.3
2020-11-11 12:00:00,67.7
2020-11-12 00:00:00,40.4
2020-11-12 12:00:00,67.3
2020-11-13 00:00:00,39.5
2020-11-13 12:00:00,66
2020-11-14 00:00:00,29.5
2020-11-14 12:00:00,29.1
2020-11-15 00:00:00,12.3
2020-11-15 12:00:00,26.8
2020-11-16 00:00:00,19.3
2020-11-16 12:00:00,62.7
2020-11-17 00:00:00,44.1
2020-11-17 12:00:00,72.6
2020-11-18 00:00:00,44.8
2020-11-18 12:00:00,62.8
2020-11-19 00:00:00,53
2020-11-19 12:00:00,66.6
2020-11-20 00:00:00,28
2020-11-20 12:00:00,48.4
2020-11-21 00:00:00,22.8
2020-11-21 12:00:00,20.5
2020-11-22 00:00:00,6.51
2020-11-22 12:00:00,19.3
2020-11-23 00:00:00,15.3
2020-11-23 12:00:00,47.1
2020-11-24 00:00:00,45.8
2020-11-24 12:00:00,73.3
2020-11-25 00:00:00,62.3
2020-11-25 12:00:00,63.4
2020-11-26 00:00:00,55.2
2020-11-26 12:00:00,75.6
2020-11-27 00:00:00,42.8
2020-11-27 12:00:00,61
2020-11-28 00:00:00,32.2
2020-11-28 12:00:00,34.4
2020-11-29 00:00:00,14.3
2020-11-29 12:00:00,29.4
2020-11-30 00:00:00,35.4
2020-11-30 12:00:00,88.8
2020-12-01 00:00:00,87.7
2020-12-01 12:00:00,117
2020-12-02 00:00:00,112
2020-12-02 12:00:00,105
2020-12-03 00:00:00,92.6
2020-12-03 12:00:00,102
2020-12-04 00:00:00,61.9
2020-12-04 12:00:00,73.7
2020-12-05 00:00:00,35.3
2020-12-05 12:00:00,49.1
2020-12-06 00:00:00,29.2
2020-12-06 12:00:00,29.1
2020-12-07 00:00:00,25.7
2020-12-07 12:00:00,55.4
2020-12-08 00:00:00,30.4
2020-12-08 12:00:00,57.3
2020-12-09 00:00:00,39.4
2020-12-09 12:00:00,51.4
2020-12-10 00:00:00,44.8
2020-12-10 12:00:00,52.5
2020-12-11 00:00:00,36.9
2020-12-11 12:00:00,50.9
2020-12-12 00:00:00,29
2020-12-12 12:00:00,36.6
2020-12-13 00:00:00,19.1
2020-12-13 12:00:00,19
2020-12-14 00:00:00,22.3
2020-12-14 12:00:00,47.1
2020-12-15 00:00:00,35.3
2020-12-15 12:00:00,59.8
2020-12-16 00:00:00,30
2020-12-16 12:00:00,79
2020-12-17 00:00:00,110
2020-12-17 12:00:00,151
2020-12-18 00:00:00,149
2020-12-18 12:00:00,145
2020-12-19 00:00:00,110
2020-12-19 12:00:00,71.5
2020-12-20 00:00:00,29.4
2020-12-20 12:00:00,55.7
2020-12-21 00:00:00,93.1
2020-12-21 12:00:00,111
2020-12-22 00:00:00,83.4
2020-12-22 12:00:00,108
2020-12-23 00:00:00,83.3
2020-12-23 12:00:00,103
2020-12-24 00:00:00,56
2020-12-24 12:00:00,116
2020-12-25 00:00:00,62.4
2020-12-25 12:00:00,48.2
2020-12-26 00:00:00,27.7
2020-12-26 12:00:00,50.7
2020-12-27 00:00:00,46.6
2020-12-27 12:00:00,73.9
2020-12-28 00:00:00,49.8
2020-12-28 12:00:00,77.4
2020-12-29 00:00:00,59.5
2020-12-29 12:00:00,68.7
2020-12-30 00:00:00,44.4
2020-12-30 12:00:00,86.1
2020-12-31 00:00:00,75.1
2020-12-31 12:00:00,70
2021-01-01 00:00:00,29.5
2021-01-01 12:00:00,26.8
2021-01-02 00:00:00,21.7
2021-01-02 12:00:00,67.7
2021-01-03 00:00:00,51.7
2021-01-03 12:00:00,49.1
2021-01-04 00:00:00,46.6
2021-01-04 12:00:00,77.5
2021-01-05 00:00:00,52.6
2021-01-05 12:00:00,82.6
2021-01-06 00:00:00,55.5
2021-01-06 12:00:00,80.5
2021-01-07 00:00:00,54.3
2021-01-07 12:00:00,79.7
2021-01-08 00:00:00,68.1
2021-01-08 12:00:00,107
2021-01-09 00:00:00,88.9
2021-01-09 12:00:00,82.7
2021-01-10 00:00:00,49.9
2021-01-10 12:00:00,56.3
2021-01-11 00:00:00,52.7
2021-01-11 12:00:00,118
2021-01-12 00:00:00,107
2021-01-12 12:00:00,126
2021-01-13 00:00:00,92
2021-01-13 12:00:00,103
2021-01-14 00:00:00,74.8
2021-01-14 12:00:00,127
2021-01-15 00:00:00,94.7
2021-01-15 12:00:00,109
2021-01-16 00:00:00,57.8
2021-01-16 12:00:00,62.1
2021-01-17 00:00:00,53.3
2021-01-17 12:00:00,42.6
2021-01-18 00:00:00,39.4
2021-01-18 12:00:00,73.7
2021-01-19 00:00:00,48.5
2021-01-19 12:00:00,81
2021-01-20 00:00:00,44.5
2021-01-20 12:00:00,81
2021-01-21 00:00:00,87
2021-01-21 12:00:00,99.7
2021-01-22 00:00:00,79.3
2021-01-22 12:00:00,90.6
2021-01-23 00:00:00,66.7
2021-01-23 12:00:00,33.1
2021-01-24 00:00:00,26.7
2021-01-24 12:00:00,45.4
2021-01-25 00:00:00,54.7
2021-01-25 12:00:00,78.5
2021-01-26 00:00:00,39.6
2021-01-26 12:00:00,53.1
2021-01-27 00:00:00,45
2021-01-27 12:00:00,59.7
2021-01-28 00:00:00,54.3
2021-01-28 12:00:00,62.2
2021-01-29 00:00:00,93.2
2021-01-29 12:00:00,121
2021-01-30 00:00:00,99.3
2021-01-30 12:00:00,113
2021-01-31 00:00:00,61.3
2021-01-31 12:00:00,63.7
2021-02-01 00:00:00,84.9
2021-02-01 12:00:00,125
2021-02-02 00:00:00,91
2021-02-02 12:00:00,99.2
2021-02-03 00:00:00,71.2
2021-02-03 12:00:00,115
2021-02-04 00:00:00,96.9
2021-02-04 12:00:00,116
2021-02-05 00:00:00,81.4
2021-02-05 12:00:00,94.3
2021-02-06 00:00:00,73.1
2021-02-06 12:00:00,73.2
2021-02-07 00:00:00,53.5
2021-02-07 12:00:00,56.1
2021-02-08 00:00:00,45.9
2021-02-08 12:00:00,116
2021-02-09 00:00:00,136
2021-02-09 12:00:00,145
2021-02-10 00:00:00,121
2021-02-10 12:00:00,140
2021-02-11 00:00:00,136
2021-02-11 12:00:00,162
2021-02-12 00:00:00,157
2021-02-12 12:00:00,161
2021-02-13 00:00:00,116
2021-02-13 12:00:00,98.5
2021-02-14 00:00:00,53.6
2021-02-14 12:00:00,71
2021-02-15 00:00:00,71
2021-02-15 12:00:00,94.6
2021-02-16 00:00:00,87.6
2021-02-16 12:00:00,102
2021-02-17 00:00:00,81.9
2021-02-17 12:00:00,122
2021-02-18 00:00:00,96.5
2021-02-18 12:00:00,121
2021-02-19 00:00:00,96.8
2021-02-19 12:00:00,122
2021-02-20 00:00:00,108
2021-02-20 12:00:00,113
2021-02-21 00:00:00,96.3
2021-02-21 12:00:00,86.7
2021-02-22 00:00:00,80.6
2021-02-22 12:00:00,131
2021-02-23 00:00:00,137
2021-02-23 12:00:00,158
2021-02-24 00:00:00,136
2021-02-24 12:00:00,137
2021-02-25 00:00:00,84.5
2021-02-25 12:00:00,128
2021-02-26 00:00:00,119
2021-02-26 12:00:00,108
2021-02-27 00:00:00,60
2021-02-27 12:00:00,72.7
2021-02-28 00:00:00,64.2
2021-02-28 12:00:00,62.5
2021-03-01 00:00:00,63.1
2021-03-01 12:00:00,113
2021-03-02 00:00:00,89.5
2021-03-02 12:00:00,100
2021-03-03 00:00:00,72.1
2021-03-03 12:00:00,101
2021-03-04 00:00:00,79.2
2021-03-04 12:00:00,97.3
2021-03-05 00:00:00,66.2
2021-03-05 12:00:00,87.1
2021-03-06 00:00:00,45.1
2021-03-06 12:00:00,54.8
2021-03-07 00:00:00,40.4
2021-03-07 12:00:00,42.8
2021-03-08 00:00:00,39.8
2021-03-08 12:00:00,73.1
2021-03-09 00:00:00,69.3
2021-03-09 12:00:00,74
2021-03-10 00:00:00,62.5
2021-03-10 12:00:00,84.4
2021-03-11 00:00:00,72.6
2021-03-11 12:00:00,94.5
2021-03-12 00:00:00,73.2
2021-03-12 12:00:00,83.6
2021-03-13 00:00:00,63.8
2021-03-13 12:00:00,106
2021-03-14 00:00:00,47.9
2021-03-14 12:00:00,47
2021-03-15 00:00:00,59.4
2021-03-15 12:00:00,94.6
2021-03-16 00:00:00,69.6
2021-03-16 12:00:00,70.3
2021-03-17 00:00:00,58.4
2021-03-17 12:00:00,101
2021-03-18 00:00:00,87.2
2021-03-18 12:00:00,93.8
2021-03-19 00:00:00,73.4
2021-03-19 12:00:00,81.8
2021-03-20 00:00:00,56.2
2021-03-20 12:00:00,50.4
2021-03-21 00:00:00,37
2021-03-21 12:00:00,45.1
2021-03-22 00:00:00,47.8
2021-03-22 12:00:00,60.5
2021-03-23 00:00:00,42.1
2021-03-23 12:00:00,58.2
2021-03-24 00:00:00,49.4
2021-03-24 12:00:00,63.1
2021-03-25 00:00:00,47.8
2021-03-25 12:00:00,52.9
2021-03-26 00:00:00,48.5
2021-03-26 12:00:00,60.7
2021-03-27 00:00:00,38.6
2021-03-27 12:00:00,43.8
2021-03-28 00:00:00,35
2021-03-28 12:00:00,39.4
2021-03-29 00:00:00,35.2
2021-03-29 12:00:00,66.4
2021-03-30 00:00:00,52.3
2021-03-30 12:00:00,75
2021-03-31 00:00:00,60.6
2021-03-31 12:00:00,68.8
2021-04-01 00:00:00,43.7
2021-04-01 12:00:00,73
2021-04-02 00:00:00,45.6
2021-04-02 12:00:00,73.8
2021-04-03 00:00:00,49.5
2021-04-03 12:00:00,74.4
2021-04-04 00:00:00,43.7
2021-04-04 12:00:00,50.5
2021-04-05 00:00:00,47.2
2021-04-05 12:00:00,74
2021-04-06 00:00:00,64.1
2021-04-06 12:00:00,74.7
2021-04-07 00:00:00,51.7
2021-04-07 12:00:00,70.4
2021-04-08 00:00:00,54.4
2021-04-08 12:00:00,84.3
2021-04-09 00:00:00,82.5
2021-04-09 12:00:00,66.7
2021-04-10 00:00:00,55.5
2021-04-10 12:00:00,56.4
2021-04-11 00:00:00,37.6
2021-04-11 12:00:00,47.9
2021-04-12 00:00:00,46.4
2021-04-12 12:00:00,67.9
2021-04-13 00:00:00,52.6
2021-04-13 12:00:00,81.5
2021-04-14 00:00:00,88.7
2021-04-14 12:00:00,103
2021-04-15 00:00:00,77.2
2021-04-15 12:00:00,90.7
2021-04-16 00:00:00,110
2021-04-16 12:00:00,155
2021-04-17 00:00:00,162
2021-04-17 12:00:00,191
2021-04-18 00:00:00,159
2021-04-18 12:00:00,164
2021-04-19 00:00:00,195
2021-04-19 12:00:00,246
2021-04-20 00:00:00,213
2021-04-20 12:00:00,250
2021-04-21 00:00:00,241
2021-04-21 12:00:00,250
2021-04-22 00:00:00,225
2021-04-22 12:00:00,206
2021-04-23 00:00:00,214
2021-04-23 12:00:00,168
2021-04-24 00:00:00,105
2021-04-24 12:00:00,103
2021-04-25 00:00:00,71.4
2021-04-25 12:00:00,75
2021-04-26 00:00:00,114
2021-04-26 12:00:00,170
2021-04-27 00:00:00,109
2021-04-27 12:00:00,102
2021-04-28 00:00:00,87.6
2021-04-28 12:00:00,119
2021-04-29 00:00:00,92.1
2021-04-29 12:00:00,141
2021-04-30 00:00:00,97.4
2021-04-30 12:00:00,111
2021-05-01 00:00:00,68.2
2021-05-01 12:00:00,57
2021-05-02 00:00:00,40
2021-05-02 12:00:00,61.3
2021-05-03 00:00:00,57.4
2021-05-03 12:00:00,84.5
2021-05-04 00:00:00,46.2
2021-05-04 12:00:00,63.5
2021-05-05 00:00:00,63.7
2021-05-05 12:00:00,68.3
2021-05-06 00:00:00,58.3
2021-05-06 12:00:00,78.7
2021-05-07 00:00:00,55.9
2021-05-07 12:00:00,73.2
2021-05-08 00:00:00,63.3
2021-05-08 12:00:00,65
2021-05-09 00:00:00,58
2021-05-09 12:00:00,50.2
2021-05-10 00:00:00,50.2
2021-05-10 12:00:00,67.8
2021-05-11 00:00:00,56.5
2021-05-11 12:00:00,47.7
2021-05-12 00:00:00,40.5
2021-05-12 12:00:00,46.4
2021-05-13 00:00:00,42.2
2021-05-13 12:00:00,45.1
2021-05-14 00:00:00,44.7
2021-05-14 12:00:00,61.2
2021-05-15 00:00:00,47.9
2021-05-15 12:00:00,45.5
2021-05-16 00:00:00,42.1
2021-05-16 12:00:00,47
2021-05-17 00:00:00,51.5
2021-05-17 12:00:00,60.4
2021-05-18 00:00:00,52.4
2021-05-18 12:00:00,73.2
2021-05-19 00:00:00,78.9
2021-05-19 12:00:00,107
2021-05-20 00:00:00,112
2021-05-20 12:00:00,116
2021-05-21 00:00:00,104
2021-05-21 12:00:00,124
2021-05-22 00:00:00,100
2021-05-22 12:00:00,86.4
2021-05-23 00:00:00,61.2
2021-05-23 12:00:00,75.2
2021-05-24 00:00:00,72.6
2021-05-24 12:00:00,79.5
2021-05-25 00:00:00,65.1
2021-05-25 12:00:00,85.7
2021-05-26 00:00:00,73.6
2021-05-26 12:00:00,61.7
2021-05-27 00:00:00,48.8
2021-05-27 12:00:00,77.1
2021-05-28 00:00:00,51.7
2021-05-28 12:00:00,64.1
2021-05-29 00:00:00,36.4
2021-05-29 12:00:00,45.4
2021-05-30 00:00:00,25.4
2021-05-30 12:00:00,29.9
2021-05-31 00:00:00,27.5
2021-05-31 12:00:00,34.7
2021-06-01 00:00:00,35.4
2021-06-01 12:00:00,39.5
2021-06-02 00:00:00,27.2
2021-06-02 12:00:00,33
2021-06-03 00:00:00,28
2021-06-03 12:00:00,31.5
2021-06-04 00:00:00,29
2021-06-04 12:00:00,29.4
2021-06-05 00:00:00,16.1
2021-06-05 12:00:00,18.2
2021-06-06 00:00:00,8.27
2021-06-06 12:00:00,12.8
2021-06-07 00:00:00,16.2
2021-06-07 12:00:00,22.8
2021-06-08 00:00:00,20.2
2021-06-08 12:00:00,17.3
2021-06-09 00:00:00,9.3
2021-06-09 12:00:00,31.9
2021-06-10 00:00:00,29.2
2021-06-10 12:00:00,31.4
2021-06-11 00:00:00,31.4
2021-06-11 12:00:00,35.4
2021-06-12 00:00:00,29
2021-06-12 12:00:00,18.7
2021-06-13 00:00:00,13.6
2021-06-13 12:00:00,14.2
2021-06-14 00:00:00,14.7
2021-06-14 12:00:00,33.8
2021-06-15 00:00:00,24.5
2021-06-15 12:00:00,29
2021-06-16 00:00:00,28.9
2021-06-16 12:00:00,26.5
2021-06-17 00:00:00,14
2021-06-17 12:00:00,17.6
2021-06-18 00:00:00,13.8
2021-06-18 12:00:00,28.3
2021-06-19 00:00:00,22.3
2021-06-19 12:00:00,19.9
2021-06-20 00:00:00,21.4
2021-06-20 12:00:00,18.8
2021-06-21 00:00:00,24.9
2021-06-21 12:00:00,41.8
2021-06-22 00:00:00,37.5
2021-06-22 12:00:00,59.3
2021-06-23 00:00:00,48
2021-06-23 12:00:00,53.7
2021-06-24 00:00:00,39.1
2021-06-24 12:00:00,50.8
2021-06-25 00:00:00,42
2021-06-25 12:00:00,40.4
2021-06-26 00:00:00,26.6
2021-06-26 12:00:00,25
2021-06-27 00:00:00,33.9
2021-06-27 12:00:00,43.4
2021-06-28 00:00:00,53.1
2021-06-28 12:00:00,56.5
2021-06-29 00:00:00,45.7
2021-06-29 12:00:00,67.5
2021-06-30 00:00:00,58
2021-06-30 12:00:00,69.5
2021-07-01 00:00:00,64.7
2021-07-01 12:00:00,79.2
2021-07-02 00:00:00,60
2021-07-02 12:00:00,83.2
2021-07-03 00:00:00,58.5
2021-07-03 12:00:00,41.4
2021-07-04 00:00:00,39.2
2021-07-04 12:00:00,47.4
2021-07-05 00:00:00,18.6
2021-07-05 12:00:00,39.3
2021-07-06 00:00:00,32.1
2021-07-06 12:00:00,26.7
2021-07-07 00:00:00,15.7
2021-07-07 12:00:00,31.9
2021-07-08 00:00:00,11.2
2021-07-08 12:00:00,16.2
2021-07-09 00:00:00,10.1
2021-07-09 12:00:00,19.2
2021-07-10 00:00:00,
2021-07-10 12:00:00,
2021-07-11 00:00:00,15.1
2021-07-11 12:00:00,14.6
2021-07-12 00:00:00,15
2021-07-12 12:00:00,14.6
2021-07-13 00:00:00,11.2
2021-07-13 12:00:00,19.6
2021-07-14 00:00:00,9.94
2021-07-14 12:00:00,8.09
2021-07-15 00:00:00,7.32
2021-07-15 12:00:00,13.4
2021-07-16 00:00:00,4.1
2021-07-16 12:00:00,7.26
2021-07-17 00:00:00,2
2021-07-17 12:00:00,4.28
2021-07-18 00:00:00,2.85
2021-07-18 12:00:00,3.41
2021-07-19 00:00:00,3.04
2021-07-19 12:00:00,3.7
2021-07-20 00:00:00,5.56
2021-07-20 12:00:00,6.71
2021-07-21 00:00:00,4.15
2021-07-21 12:00:00,4.64
2021-07-22 00:00:00,2.44
2021-07-22 12:00:00,2.71
2021-07-23 00:00:00,4.05
2021-07-23 12:00:00,2.63
2021-07-24 00:00:00,2
2021-07-24 12:00:00,2.18
2021-07-25 00:00:00,1.68
2021-07-25 12:00:00,2.78
2021-07-26 00:00:00,3.33
2021-07-26 12:00:00,7.51
2021-07-27 00:00:00,4.79
2021-07-27 12:00:00,3.86
2021-07-28 00:00:00,3.54
2021-07-28 12:00:00,4.78
2021-07-29 00:00:00,2.71
2021-07-29 12:00:00,5.47
2021-07-30 00:00:00,2.86
2021-07-30 12:00:00,4.02
2021-07-31 00:00:00,1.66
2021-07-31 12:00:00,2.56
2021-08-01 00:00:00,1.48
2021-08-01 12:00:00,3.06
2021-08-02 00:00:00,2.83
2021-08-02 12:00:00,4.46
2021-08-03 00:00:00,1.89
2021-08-03 12:00:00,3.22
2021-08-04 00:00:00,3.51
2021-08-04 12:00:00,8.61
2021-08-05 00:00:00,3.2
2021-08-05 12:00:00,4.24
2021-08-06 00:00:00,3.32
2021-08-06 12:00:00,4.98
2021-08-07 00:00:00,2.14
2021-08-07 12:00:00,1.75
2021-08-08 00:00:00,2.5
2021-08-08 12:00:00,2.24
2021-08-09 00:00:00,2.87
2021-08-09 12:00:00,4.46
2021-08-10 00:00:00,2.64
2021-08-10 12:00:00,3.01
2021-08-11 00:00:00,2.92
2021-08-11 12:00:00,5.65
2021-08-12 00:00:00,2.62
2021-08-12 12:00:00,4.95
2021-08-13 00:00:00,9.26
2021-08-13 12:00:00,8.79
2021-08-14 00:00:00,2.59
2021-08-14 12:00:00,2.63
2021-08-15 00:00:00,1.86
2021-08-15 12:00:00,2.85
2021-08-16 00:00:00,2.52
2021-08-16 12:00:00,4.77
2021-08-17 00:00:00,3.64
2021-08-17 12:00:00,5.01
2021-08-18 00:00:00,3.69
2021-08-18 12:00:00,6.09
2021-08-19 00:00:00,2.37
2021-08-19 12:00:00,5.48
2021-08-20 00:00:00,3.92
2021-08-20 12:00:00,6.41
2021-08-21 00:00:00,3.47
2021-08-21 12:00:00,2.65
2021-08-22 00:00:00,2.26
2021-08-22 12:00:00,7.99
2021-08-23 00:00:00,3.36
2021-08-23 12:00:00,2.61
2021-08-24 00:00:00,3.11
2021-08-24 12:00:00,7.79
2021-08-25 00:00:00,3.02
2021-08-25 12:00:00,4.56
2021-08-26 00:00:00,2.18
2021-08-26 12:00:00,3.19
2021-08-27 00:00:00,1.96
2021-08-27 12:00:00,5.33
2021-08-28 00:00:00,1.97
2021-08-28 12:00:00,3.17
2021-08-29 00:00:00,3.35
2021-08-29 12:00:00,2.1
2021-08-30 00:00:00,2.45
2021-08-30 12:00:00,4.72
2021-08-31 00:00:00,3.24
2021-08-31 12:00:00,7.09
2021-09-01 00:00:00,5.94
2021-09-01 12:00:00,11.2
2021-09-02 00:00:00,7.66
2021-09-02 12:00:00,10.3
2021-09-03 00:00:00,6.95
2021-09-03 12:00:00,9.8
2021-09-04 00:00:00,2.92
2021-09-04 12:00:00,4.68
2021-09-05 00:00:00,1.86
2021-09-05 12:00:00,5.92
2021-09-06 00:00:00,3.32
2021-09-06 12:00:00,7.03
2021-09-07 00:00:00,4.14
2021-09-07 12:00:00,7.78
2021-09-08 00:00:00,4.69
2021-09-08 12:00:00,5.95
2021-09-09 00:00:00,4.51
2021-09-09 12:00:00,7.32
2021-09-10 00:00:00,3.31
2021-09-10 12:00:00,7.67
2021-09-11 00:00:00,4.63
2021-09-11 12:00:00,4.19
2021-09-12 00:00:00,2.49
2021-09-12 12:00:00,3.86
2021-09-13 00:00:00,4.76
2021-09-13 12:00:00,8.58
2021-09-14 00:00:00,3.16
2021-09-14 12:00:00,9.97
2021-09-15 00:00:00,6.24
2021-09-15 12:00:00,10.6
2021-09-16 00:00:00,7.71
2021-09-16 12:00:00,9.33
2021-09-17 00:00:00,6.7
2021-09-17 12:00:00,6.49
2021-09-18 00:00:00,3.71
2021-09-18 12:00:00,4.69
2021-09-19 00:00:00,2.11
2021-09-19 12:00:00,3.28
2021-09-20 00:00:00,3.76
2021-09-20 12:00:00,7.87
2021-09-21 00:00:00,5.74
2021-09-21 12:00:00,8.92
2021-09-22 00:00:00,5.25
2021-09-22 12:00:00,6.85
2021-09-23 00:00:00,3.93
2021-09-23 12:00:00,5.94
2021-09-24 00:00:00,3.91
2021-09-24 12:00:00,4.45
2021-09-25 00:00:00,2.04
2021-09-25 12:00:00,2.79
2021-09-26 00:00:00,1.73
2021-09-26 12:00:00,2.58
2021-09-27 00:00:00,2.61
2021-09-27 12:00:00,3.27
2021-09-28 00:00:00,2.1
2021-09-28 12:00:00,5.29
2021-09-29 00:00:00,2.76
2021-09-29 12:00:00,6.58
2021-09-30 00:00:00,6.38
2021-09-30 12:00:00,4.73
2021-10-01 00:00:00,4.07
2021-10-01 12:00:00,9.04
2021-10-02 00:00:00,3.65
2021-10-02 12:00:00,2.97
2021-10-03 00:00:00,2.73
2021-10-03 12:00:00,4.62
2021-10-04 00:00:00,4.88
2021-10-04 12:00:00,4.19
2021-10-05 00:00:00,4.07
2021-10-05 12:00:00,6.32
2021-10-06 00:00:00,4.38
2021-10-06 12:00:00,14
2021-10-07 00:00:00,14.5
2021-10-07 12:00:00,15
2021-10-08 00:00:00,11.4
2021-10-08 12:00:00,14.6
2021-10-09 00:00:00,6.62
2021-10-09 12:00:00,9.14
2021-10-10 00:00:00,3.4
2021-10-10 12:00:00,6.72
2021-10-11 00:00:00,8.39
2021-10-11 12:00:00,13.9
2021-10-12 00:00:00,8.15
2021-10-12 12:00:00,13.6
2021-10-13 00:00:00,7.93
2021-10-13 12:00:00,6.46
2021-10-14 00:00:00,7.73
2021-10-14 12:00:00,9.95
2021-10-15 00:00:00,7.74
2021-10-15 12:00:00,13.6
2021-10-16 00:00:00,8.14
2021-10-16 12:00:00,8.36
2021-10-17 00:00:00,5.35
2021-10-17 12:00:00,5.46
2021-10-18 00:00:00,4.61
2021-10-18 12:00:00,8.69
2021-10-19 00:00:00,5.66
2021-10-19 12:00:00,5.33
2021-10-20 00:00:00,3.45
2021-10-20 12:00:00,12.5
2021-10-21 00:00:00,9.68
2021-10-21 12:00:00,11.2
2021-10-22 00:00:00,5.69
2021-10-22 12:00:00,7.07
2021-10-23 00:00:00,3.06
2021-10-23 12:00:00,4.84
2021-10-24 00:00:00,2.53
2021-10-24 12:00:00,3.99
2021-10-25 00:00:00,2.36
2021-10-25 12:00:00,4.83
2021-10-26 00:00:00,3.34
2021-10-26 12:00:00,6.67
2021-10-27 00:00:00,4.57
2021-10-27 12:00:00,4.17
2021-10-28 00:00:00,2.97
2021-10-28 12:00:00,5.19
2021-10-29 00:00:00,2.44
2021-10-29 12:00:00,5.66
2021-10-30 00:00:00,2.55
2021-10-30 12:00:00,4.14
2021-10-31 00:00:00,3.23
2021-10-31 12:00:00,3.75
2021-11-01 00:00:00,3.7
2021-11-01 12:00:00,5.9
2021-11-02 00:00:00,5.11
2021-11-02 12:00:00,9.77
2021-11-03 00:00:00,5.2
2021-11-03 12:00:00,5.95
2021-11-04 00:00:00,5.69
2021-11-04 12:00:00,9.8
2021-11-05 00:00:00,6.26
2021-11-05 12:00:00,8.75
2021-11-06 00:00:00,3.04
2021-11-06 12:00:00,3.99
2021-11-07 00:00:00,2.76
2021-11-07 12:00:00,5.42
2021-11-08 00:00:00,4.26
2021-11-08 12:00:00,11.8
2021-11-09 00:00:00,12.6
2021-11-09 12:00:00,13.1
2021-11-10 00:00:00,8.38
2021-11-10 12:00:00,10.7
2021-11-11 00:00:00,4.53
2021-11-11 12:00:00,7.25
2021-11-12 00:00:00,5.21
2021-11-12 12:00:00,8.59
2021-11-13 00:00:00,3.28
2021-11-13 12:00:00,4.7
2021-11-14 00:00:00,2.42
2021-11-14 12:00:00,3.29
2021-11-15 00:00:00,4.21
2021-11-15 12:00:00,5.61
2021-11-16 00:00:00,3.85
2021-11-16 12:00:00,5.39
2021-11-17 00:00:00,5.23
2021-11-17 12:00:00,5.13
2021-11-18 00:00:00,3.34
2021-11-18 12:00:00,5.52
2021-11-19 00:00:00,4.38
2021-11-19 12:00:00,9.52
2021-11-20 00:00:00,4.69
2021-11-20 12:00:00,5.04
2021-11-21 00:00:00,2.23
2021-11-21 12:00:00,5.08
2021-11-22 00:00:00,3.01
2021-11-22 12:00:00,6.38
2021-11-23 00:00:00,2.88
2021-11-23 12:00:00,6.69
2021-11-24 00:00:00,4.11
2021-11-24 12:00:00,7.44
2021-11-25 00:00:00,4.19
2021-11-25 12:00:00,9.84
2021-11-26 00:00:00,9.24
2021-11-26 12:00:00,6.86
2021-11-27 00:00:00,2.46
2021-11-27 12:00:00,3.13
2021-11-28 00:00:00,2.51
2021-11-28 12:00:00,3.51
2021-11-29 00:00:00,2.9
2021-11-29 12:00:00,5.1
2021-11-30 00:00:00,3.03
2021-11-30 12:00:00,9.37
2021-12-01 00:00:00,10.7
2021-12-01 12:00:00,14.8
2021-12-02 00:00:00,10.9
2021-12-02 12:00:00,11.9
2021-12-03 00:00:00,6.4
2021-12-03 12:00:00,6.52
2021-12-04 00:00:00,3.98
2021-12-04 12:00:00,8.73
2021-12-05 00:00:00,17.4
2021-12-05 12:00:00,7.04
2021-12-06 00:00:00,4.72
2021-12-06 12:00:00,4.23
2021-12-07 00:00:00,3.67
2021-12-07 12:00:00,3.82
2021-12-08 00:00:00,1.59
2021-12-08 12:00:00,7.02
2021-12-09 00:00:00,4.63
2021-12-09 12:00:00,4.91
2021-12-10 00:00:00,2.3
2021-12-10 12:00:00,6.45
2021-12-11 00:00:00,4.09
2021-12-11 12:00:00,2.78
2021-12-12 00:00:00,2.17
2021-12-12 12:00:00,2.22
2021-12-13 00:00:00,3.08
2021-12-13 12:00:00,9.01
2021-12-14 00:00:00,3.54
2021-12-14 12:00:00,5.41
2021-12-15 00:00:00,7.33
2021-12-15 12:00:00,5.6
2021-12-16 00:00:00,3.74
2021-12-16 12:00:00,7.5
2021-12-17 00:00:00,4.42
2021-12-17 12:00:00,8.95
2021-12-18 00:00:00,5.79
2021-12-18 12:00:00,3.53
2021-12-19 00:00:00,1.58
2021-12-19 12:00:00,3.34
2021-12-20 00:00:00,3.89
2021-12-20 12:00:00,6.66
2021-12-21 00:00:00,4.42
2021-12-21 12:00:00,4.67
2021-12-22 00:00:00,4.77
2021-12-22 12:00:00,4.37
2021-12-23 00:00:00,2.53
2021-12-23 12:00:00,4.92
2021-12-24 00:00:00,5.62
2021-12-24 12:00:00,6.2
2021-12-25 00:00:00,5.48
2021-12-25 12:00:00,3.09
2021-12-26 00:00:00,2.42
2021-12-26 12:00:00,4.4
2021-12-27 00:00:00,3.13
2021-12-27 12:00:00,9.17
2021-12-28 00:00:00,9.7
2021-12-28 12:00:00,11.8
2021-12-29 00:00:00,8.42
2021-12-29 12:00:00,11.2
2021-12-30 00:00:00,11.8
2021-12-30 12:00:00,16.5
2021-12-31 00:00:00,12.8
2021-12-31 12:00:00,9.61
2022-01-01 00:00:00,2.69
2022-01-01 12:00:00,3.56
2022-01-02 00:00:00,2.11
2022-01-02 12:00:00,6.15
2022-01-03 00:00:00,4.51
2022-01-03 12:00:00,7.79
2022-01-04 00:00:00,5.07
2022-01-04 12:00:00,7.42
2022-01-05 00:00:00,5.64
2022-01-05 12:00:00,10.7
2022-01-06 00:00:00,9.29
2022-01-06 12:00:00,7.73
2022-01-07 00:00:00,5.99
2022-01-07 12:00:00,8.23
2022-01-08 00:00:00,3.85
2022-01-08 12:00:00,6.19
2022-01-09 00:00:00,2.63
2022-01-09 12:00:00,3.09
2022-01-10 00:00:00,4.02
2022-01-10 12:00:00,7.42
2022-01-11 00:00:00,4.81
2022-01-11 12:00:00,4.83
2022-01-12 00:00:00,6.51
2022-01-12 12:00:00,5.18
2022-01-13 00:00:00,2.39
2022-01-13 12:00:00,4.19
2022-01-14 00:00:00,3.11
2022-01-14 12:00:00,3.77
2022-01-15 00:00:00,1.9
2022-01-15 12:00:00,3.22
2022-01-16 00:00:00,1.54
2022-01-16 12:00:00,1.86
2022-01-17 00:00:00,2.34
2022-01-17 12:00:00,3.55
2022-01-18 00:00:00,2.78
2022-01-18 12:00:00,4.66
2022-01-19 00:00:00,2.29
2022-01-19 12:00:00,3.01
2022-01-20 00:00:00,1.79
2022-01-20 12:00:00,5.74
2022-01-21 00:00:00,4.83
2022-01-21 12:00:00,7.04
2022-01-22 00:00:00,6.06
2022-01-22 12:00:00,5.46
2022-01-23 00:00:00,2.86
2022-01-23 12:00:00,2.95
2022-01-24 00:00:00,3.17
2022-01-24 12:00:00,6.49
2022-01-25 00:00:00,4.1
2022-01-25 12:00:00,4.8
2022-01-26 00:00:00,2.95
2022-01-26 12:00:00,8.96
2022-01-27 00:00:00,5.77
2022-01-27 12:00:00,7.44
2022-01-28 00:00:00,3.9
2022-01-28 12:00:00,8.03
2022-01-29 00:00:00,4.82
2022-01-29 12:00:00,9.51
2022-01-30 00:00:00,3.77
2022-01-30 12:00:00,10.6
2022-01-31 00:00:00,6.94
2022-01-31 12:00:00,7.94
2022-02-01 00:00:00,5.9
2022-02-01 12:00:00,8.28
2022-02-02 00:00:00,5.5
2022-02-02 12:00:00,6.33
2022-02-03 00:00:00,5.25
2022-02-03 12:00:00,5.24
2022-02-04 00:00:00,3.36
2022-02-04 12:00:00,11.7
2022-02-05 00:00:00,9.71
2022-02-05 12:00:00,9.84
2022-02-06 00:00:00,5.08
2022-02-06 12:00:00,6.82
2022-02-07 00:00:00,4.94
2022-02-07 12:00:00,10.6
2022-02-08 00:00:00,5.95
2022-02-08 12:00:00,9.56
2022-02-09 00:00:00,9.32
2022-02-09 12:00:00,10.3
2022-02-10 00:00:00,10.1
2022-02-10 12:00:00,12.8
2022-02-11 00:00:00,11.2
2022-02-11 12:00:00,10.7
2022-02-12 00:00:00,10.5
2022-02-12 12:00:00,8.17
2022-02-13 00:00:00,4.44
2022-02-13 12:00:00,3.75
2022-02-14 00:00:00,3.42
2022-02-14 12:00:00,6.81
2022-02-15 00:00:00,2.78
2022-02-15 12:00:00,6.8
2022-02-16 00:00:00,3.02
2022-02-16 12:00:00,5.41
2022-02-17 00:00:00,3.22
2022-02-17 12:00:00,4.59
2022-02-18 00:00:00,3.77
2022-02-18 12:00:00,4.4
2022-02-19 00:00:00,2.78
2022-02-19 12:00:00,3.39
2022-02-20 00:00:00,1.84
2022-02-20 12:00:00,2.21
2022-02-21 00:00:00,3.03
2022-02-21 12:00:00,7.43
2022-02-22 00:00:00,3.44
2022-02-22 12:00:00,2.86
2022-02-23 00:00:00,1.82
2022-02-23 12:00:00,3.55
2022-02-24 00:00:00,4.25
2022-02-24 12:00:00,5.76
2022-02-25 00:00:00,4.14
2022-02-25 12:00:00,4.62
2022-02-26 00:00:00,3.29
2022-02-26 12:00:00,2.88
2022-02-27 00:00:00,2.39
2022-02-27 12:00:00,2.88
2022-02-28 00:00:00,2.09
2022-02-28 12:00:00,4.17
2022-03-01 00:00:00,2.94
2022-03-01 12:00:00,14.4
2022-03-02 00:00:00,21.5
2022-03-02 12:00:00,19.5
2022-03-03 00:00:00,10.1
2022-03-03 12:00:00,12.3
2022-03-04 00:00:00,6.21
2022-03-04 12:00:00,11.1
2022-03-05 00:00:00,6.01
2022-03-05 12:00:00,9.16
2022-03-06 00:00:00,5.23
2022-03-06 12:00:00,5.1
2022-03-07 00:00:00,4.52
2022-03-07 12:00:00,5.66
2022-03-08 00:00:00,4.78
2022-03-08 12:00:00,3.68
2022-03-09 00:00:00,3.17
2022-03-09 12:00:00,8.45
2022-03-10 00:00:00,5.01
2022-03-10 12:00:00,6.32
2022-03-11 00:00:00,3.04
2022-03-11 12:00:00,8.11
2022-03-12 00:00:00,3.05
2022-03-12 12:00:00,4.04
2022-03-13 00:00:00,2.21
2022-03-13 12:00:00,3.44
2022-03-14 00:00:00,2.1
2022-03-14 12:00:00,6.56
2022-03-15 00:00:00,3.79
2022-03-15 12:00:00,4.88
2022-03-16 00:00:00,3.36
2022-03-16 12:00:00,5.63
2022-03-17 00:00:00,4.17
2022-03-17 12:00:00,4.4
2022-03-18 00:00:00,4.09
2022-03-18 12:00:00,5.95
2022-03-19 00:00:00,3.9
2022-03-19 12:00:00,3.39
2022-03-20 00:00:00,2.41
2022-03-20 12:00:00,2.94
2022-03-21 00:00:00,2.49
2022-03-21 12:00:00,5.09
2022-03-22 00:00:00,2.56
2022-03-22 12:00:00,8.29
2022-03-23 00:00:00,5.97
2022-03-23 12:00:00,6.1
2022-03-24 00:00:00,3.76
2022-03-24 12:00:00,8.57
2022-03-25 00:00:00,5.29
2022-03-25 12:00:00,7.28
2022-03-26 00:00:00,3.28
2022-03-26 12:00:00,3.91
2022-03-27 00:00:00,2.88
2022-03-27 12:00:00,4.62
2022-03-28 00:00:00,4.63
2022-03-28 12:00:00,4.91
2022-03-29 00:00:00,3.32
2022-03-29 12:00:00,4.76
2022-03-30 00:00:00,4.75
2022-03-30 12:00:00,8.08
2022-03-31 00:00:00,5.91
2022-03-31 12:00:00,16.4
2022-04-01 00:00:00,10.3
2022-04-01 12:00:00,14.5
2022-04-02 00:00:00,8.34
2022-04-02 12:00:00,8.71
2022-04-03 00:00:00,5.58
2022-04-03 12:00:00,7.65
2022-04-04 00:00:00,4.8
2022-04-04 12:00:00,5.97
2022-04-05 00:00:00,3.34
2022-04-05 12:00:00,7.77
2022-04-06 00:00:00,3.79
2022-04-06 12:00:00,6.25
2022-04-07 00:00:00,3.59
2022-04-07 12:00:00,7.53
2022-04-08 00:00:00,5.7
2022-04-08 12:00:00,8.83
2022-04-09 00:00:00,4.21
2022-04-09 12:00:00,3.6
2022-04-10 00:00:00,2.4
2022-04-10 12:00:00,3.46
2022-04-11 00:00:00,3.33
2022-04-11 12:00:00,6.43
2022-04-12 00:00:00,4.32
2022-04-12 12:00:00,6.12
2022-04-13 00:00:00,3.56
2022-04-13 12:00:00,9.23
2022-04-14 00:00:00,4.88
2022-04-14 12:00:00,6.29
2022-04-15 00:00:00,3.85
2022-04-15 12:00:00,3.77
2022-04-16 00:00:00,2.64
2022-04-16 12:00:00,3.29
2022-04-17 00:00:00,1.83
2022-04-17 12:00:00,1.69
2022-04-18 00:00:00,3.01
2022-04-18 12:00:00,5.09
2022-04-19 00:00:00,4.16
2022-04-19 12:00:00,5.99
2022-04-20 00:00:00,3.1
2022-04-20 12:00:00,3.66
2022-04-21 00:00:00,2.19
2022-04-21 12:00:00,6.55
2022-04-22 00:00:00,3.24
2022-04-22 12:00:00,8.14
2022-04-23 00:00:00,3.36
2022-04-23 12:00:00,4.59
2022-04-24 00:00:00,2.26
2022-04-24 12:00:00,2.51
2022-04-25 00:00:00,6.24
2022-04-25 12:00:00,7.03
2022-04-26 00:00:00,4.32
2022-04-26 12:00:00,9.69
2022-04-27 00:00:00,4
2022-04-27 12:00:00,5.61
2022-04-28 00:00:00,5.18
2022-04-28 12:00:00,8.55
2022-04-29 00:00:00,4.54
2022-04-29 12:00:00,8.88
2022-04-30 00:00:00,5.28
2022-04-30 12:00:00,5.79
2022-05-01 00:00:00,3.22
2022-05-01 12:00:00,2.79
2022-05-02 00:00:00,2.33
2022-05-02 12:00:00,7.59
2022-05-03 00:00:00,3.6
2022-05-03 12:00:00,5.41
2022-05-04 00:00:00,3.56
2022-05-04 12:00:00,10.4
2022-05-05 00:00:00,12.6
2022-05-05 12:00:00,13.3
2022-05-06 00:00:00,10.4
2022-05-06 12:00:00,12.2
2022-05-07 00:00:00,6.87
2022-05-07 12:00:00,10.1
2022-05-08 00:00:00,6.84
2022-05-08 12:00:00,6.89
2022-05-09 00:00:00,7.52
2022-05-09 12:00:00,14.5
2022-05-10 00:00:00,11.1
2022-05-10 12:00:00,10.2
2022-05-11 00:00:00,9.68
2022-05-11 12:00:00,18
2022-05-12 00:00:00,18.9
2022-05-12 12:00:00,20.7
2022-05-13 00:00:00,20.4
2022-05-13 12:00:00,20.6
2022-05-14 00:00:00,18.3
2022-05-14 12:00:00,17.8
2022-05-15 00:00:00,13.8
2022-05-15 12:00:00,14.2
2022-05-16 00:00:00,14.2
2022-05-16 12:00:00,16.4
2022-05-17 00:00:00,12.5
2022-05-17 12:00:00,14.4
2022-05-18 00:00:00,9.08
2022-05-18 12:00:00,12.6
2022-05-19 00:00:00,10.4
2022-05-19 12:00:00,14.8
2022-05-20 00:00:00,11.6
2022-05-20 12:00:00,12.7
2022-05-21 00:00:00,7.5
2022-05-21 12:00:00,7.66
2022-05-22 00:00:00,5.93
2022-05-22 12:00:00,12.9
2022-05-23 00:00:00,8.21
2022-05-23 12:00:00,9.9
2022-05-24 00:00:00,5.69
2022-05-24 12:00:00,17.8
2022-05-25 00:00:00,13.4
2022-05-25 12:00:00,12.6
2022-05-26 00:00:00,8.9
2022-05-26 12:00:00,13.9
2022-05-27 00:00:00,9.36
2022-05-27 12:00:00,13.4
2022-05-28 00:00:00,6.09
2022-05-28 12:00:00,8.5
2022-05-29 00:00:00,4.31
2022-05-29 12:00:00,6.96
2022-05-30 00:00:00,5.02
2022-05-30 12:00:00,7.33
2022-05-31 00:00:00,4.91
2022-05-31 12:00:00,10.3
2022-06-01 00:00:00,9.08
2022-06-01 12:00:00,15.2
2022-06-02 00:00:00,11.8
2022-06-02 12:00:00,18.5
2022-06-03 00:00:00,8.42
2022-06-03 12:00:00,13.7
2022-06-04 00:00:00,8.21
2022-06-04 12:00:00,9.59
2022-06-05 00:00:00,4.05
2022-06-05 12:00:00,5.63
2022-06-06 00:00:00,5.01
2022-06-06 12:00:00,8.09
2022-06-07 00:00:00,4.82
2022-06-07 12:00:00,7.65
2022-06-08 00:00:00,3.4
2022-06-08 12:00:00,6.31
2022-06-09 00:00:00,3.97
2022-06-09 12:00:00,5.29
2022-06-10 00:00:00,3.83
2022-06-10 12:00:00,12.4
2022-06-11 00:00:00,5.14
2022-06-11 12:00:00,7.37
2022-06-12 00:00:00,4.88
2022-06-12 12:00:00,7
2022-06-13 00:00:00,11.1
2022-06-13 12:00:00,24
2022-06-14 00:00:00,13.3
2022-06-14 12:00:00,20.6
2022-06-15 00:00:00,13.6
2022-06-15 12:00:00,15.5
2022-06-16 00:00:00,14.2
2022-06-16 12:00:00,20.5
2022-06-17 00:00:00,15.5
2022-06-17 12:00:00,20.5
2022-06-18 00:00:00,13.9
2022-06-18 12:00:00,11.8
2022-06-19 00:00:00,6.65
2022-06-19 12:00:00,9.09
2022-06-20 00:00:00,6.11
2022-06-20 12:00:00,12.3
2022-06-21 00:00:00,6.26
2022-06-21 12:00:00,12.2
2022-06-22 00:00:00,8.48
2022-06-22 12:00:00,15.1
2022-06-23 00:00:00,6.54
2022-06-23 12:00:00,8.43
2022-06-24 00:00:00,6.99
2022-06-24 12:00:00,13.6
2022-06-25 00:00:00,5.87
2022-06-25 12:00:00,12.3
2022-06-26 00:00:00,10
2022-06-26 12:00:00,9.72
2022-06-27 00:00:00,6.16
2022-06-27 12:00:00,12.7
2022-06-28 00:00:00,7.12
2022-06-28 12:00:00,10.3
2022-06-29 00:00:00,6.55
2022-06-29 12:00:00,8.42
2022-06-30 00:00:00,4.1
2022-06-30 12:00:00,11.9
2022-07-01 00:00:00,5.87
2022-07-01 12:00:00,15.1
2022-07-02 00:00:00,7.67
2022-07-02 12:00:00,7.39
2022-07-03 00:00:00,3.36
2022-07-03 12:00:00,5.07
2022-07-04 00:00:00,5.89
2022-07-04 12:00:00,10.8
2022-07-05 00:00:00,9.61
2022-07-05 12:00:00,19.6
2022-07-06 00:00:00,12.3
2022-07-06 12:00:00,25
2022-07-07 00:00:00,10.7
2022-07-07 12:00:00,19.5
2022-07-08 00:00:00,9.15
2022-07-08 12:00:00,17.4
2022-07-09 00:00:00,7.1
2022-07-09 12:00:00,14.8
2022-07-10 00:00:00,5.53
2022-07-10 12:00:00,7.49
2022-07-11 00:00:00,4.56
2022-07-11 12:00:00,13.9
2022-07-12 00:00:00,6.21
2022-07-12 12:00:00,10.7
2022-07-13 00:00:00,8.2
2022-07-13 12:00:00,28.9
2022-07-14 00:00:00,23.6
2022-07-14 12:00:00,29.1
2022-07-15 00:00:00,14.9
2022-07-15 12:00:00,23.5
2022-07-16 00:00:00,7.81
2022-07-16 12:00:00,15.5
2022-07-17 00:00:00,5.08
2022-07-17 12:00:00,16.9
2022-07-18 00:00:00,8.82
2022-07-18 12:00:00,21.8
2022-07-19 00:00:00,14
2022-07-19 12:00:00,19
2022-07-20 00:00:00,12.7
2022-07-20 12:00:00,28.7
2022-07-21 00:00:00,14.5
2022-07-21 12:00:00,20.1
2022-07-22 00:00:00,13.6
2022-07-22 12:00:00,17.8
2022-07-23 00:00:00,10.1
2022-07-23 12:00:00,6.96
2022-07-24 00:00:00,5.83
2022-07-24 12:00:00,4.93
2022-07-25 00:00:00,4.33
2022-07-25 12:00:00,7.04
2022-07-26 00:00:00,4.45
2022-07-26 12:00:00,8.54
2022-07-27 00:00:00,4.36
2022-07-27 12:00:00,6.6
2022-07-28 00:00:00,7.17
2022-07-28 12:00:00,11.9
2022-07-29 00:00:00,5.97
2022-07-29 12:00:00,10.7
2022-07-30 00:00:00,5.78
2022-07-30 12:00:00,9.85
2022-07-31 00:00:00,4.78
2022-07-31 12:00:00,6.35
2022-08-01 00:00:00,8.16
2022-08-01 12:00:00,8.96
2022-08-02 00:00:00,5.76
2022-08-02 12:00:00,11
2022-08-03 00:00:00,6.24
2022-08-03 12:00:00,12
2022-08-04 00:00:00,9.59
2022-08-04 12:00:00,15.2
2022-08-05 00:00:00,7.74
2022-08-05 12:00:00,17.3
2022-08-06 00:00:00,7.96
2022-08-06 12:00:00,6.18
2022-08-07 00:00:00,4.41
2022-08-07 12:00:00,9.14
2022-08-08 00:00:00,5.52
2022-08-08 12:00:00,14.3
2022-08-09 00:00:00,10.2
2022-08-09 12:00:00,24.1
2022-08-10 00:00:00,11.4
2022-08-10 12:00:00,14.5
2022-08-11 00:00:00,11.6
2022-08-11 12:00:00,13.4
2022-08-12 00:00:00,8.03
2022-08-12 12:00:00,11.1
2022-08-13 00:00:00,4.88
2022-08-13 12:00:00,5.99
2022-08-14 00:00:00,4.51
2022-08-14 12:00:00,3.53
2022-08-15 00:00:00,2.66
2022-08-15 12:00:00,6.13
2022-08-16 00:00:00,4.56
2022-08-16 12:00:00,7.2
2022-08-17 00:00:00,8.31
2022-08-17 12:00:00,11.3
2022-08-18 00:00:00,8.35
2022-08-18 12:00:00,9.18
2022-08-19 00:00:00,5.14
2022-08-19 12:00:00,8.1
2022-08-20 00:00:00,
2022-08-20 12:00:00,
2022-08-21 00:00:00,
2022-08-21 12:00:00,
2022-08-22 00:00:00,
2022-08-22 12:00:00,
2022-08-23 00:00:00,
2022-08-23 12:00:00,
2022-08-24 00:00:00,
2022-08-24 12:00:00,5.97
2022-08-25 00:00:00,3.48
2022-08-25 12:00:00,6.85
2022-08-26 00:00:00,3.18
2022-08-26 12:00:00,7.3
2022-08-27 00:00:00,4.61
2022-08-27 12:00:00,4.58
2022-08-28 00:00:00,2.32
2022-08-28 12:00:00,5.05
2022-08-29 00:00:00,3.6
2022-08-29 12:00:00,7.61
2022-08-30 00:00:00,3.79
2022-08-30 12:00:00,7.35
2022-08-31 00:00:00,4.52
2022-08-31 12:00:00,8.77
2022-09-01 00:00:00,5.03
2022-09-01 12:00:00,10.7
2022-09-02 00:00:00,7.68
2022-09-02 12:00:00,16.3
2022-09-03 00:00:00,15.3
2022-09-03 12:00:00,6.28
2022-09-04 00:00:00,4.55
2022-09-04 12:00:00,6.15
2022-09-05 00:00:00,5.34
2022-09-05 12:00:00,10.5
2022-09-06 00:00:00,4.98
2022-09-06 12:00:00,12
2022-09-07 00:00:00,6.45
2022-09-07 12:00:00,10.3
2022-09-08 00:00:00,8.73
2022-09-08 12:00:00,11.7
2022-09-09 00:00:00,9.08
2022-09-09 12:00:00,11.6
2022-09-10 00:00:00,5.36
2022-09-10 12:00:00,9.11
2022-09-11 00:00:00,3.81
2022-09-11 12:00:00,5.82
2022-09-12 00:00:00,5.71
2022-09-12 12:00:00,7.77
2022-09-13 00:00:00,3.83
2022-09-13 12:00:00,15.3
2022-09-14 00:00:00,13.1
2022-09-14 12:00:00,12.9
2022-09-15 00:00:00,9.51
2022-09-15 12:00:00,12.7
2022-09-16 00:00:00,9.33
2022-09-16 12:00:00,19.7
2022-09-17 00:00:00,11.5
2022-09-17 12:00:00,10.5
2022-09-18 00:00:00,4.85
2022-09-18 12:00:00,7.91
2022-09-19 00:00:00,5.65
2022-09-19 12:00:00,10.3
2022-09-20 00:00:00,6.32
2022-09-20 12:00:00,10.4
2022-09-21 00:00:00,4.41
2022-09-21 12:00:00,11.6
2022-09-22 00:00:00,5.84
2022-09-22 12:00:00,10.7
2022-09-23 00:00:00,8.61
2022-09-23 12:00:00,12.2
2022-09-24 00:00:00,6.51
2022-09-24 12:00:00,5.86
2022-09-25 00:00:00,3.06
2022-09-25 12:00:00,9.54
2022-09-26 00:00:00,5.93
2022-09-26 12:00:00,9.61
2022-09-27 00:00:00,10.1
2022-09-27 12:00:00,13.3
2022-09-28 00:00:00,6.9
2022-09-28 12:00:00,7.8
2022-09-29 00:00:00,6.82
2022-09-29 12:00:00,11.4
2022-09-30 00:00:00,6.01
2022-09-30 12:00:00,11
2022-10-01 00:00:00,5.85
2022-10-01 12:00:00,5.13
2022-10-02 00:00:00,3.61
2022-10-02 12:00:00,4.13
2022-10-03 00:00:00,3.34
2022-10-03 12:00:00,6.23
2022-10-04 00:00:00,3.2
2022-10-04 12:00:00,5.13
2022-10-05 00:00:00,2.39
2022-10-05 12:00:00,4.77
2022-10-06 00:00:00,3.26
2022-10-06 12:00:00,5.02
2022-10-07 00:00:00,5.08
2022-10-07 12:00:00,4.65
2022-10-08 00:00:00,2.59
2022-10-08 12:00:00,2.3
2022-10-09 00:00:00,1.72
2022-10-09 12:00:00,2.51
2022-10-10 00:00:00,2.27
2022-10-10 12:00:00,3.22
2022-10-11 00:00:00,2.68
2022-10-11 12:00:00,4.45
2022-10-12 00:00:00,3.49
2022-10-12 12:00:00,6.8
2022-10-13 00:00:00,7.92
2022-10-13 12:00:00,10.6
2022-10-14 00:00:00,8.6
2022-10-14 12:00:00,9.61
2022-10-15 00:00:00,5.57
2022-10-15 12:00:00,4.41
2022-10-16 00:00:00,2.52
2022-10-16 12:00:00,5.97
2022-10-17 00:00:00,4.47
2022-10-17 12:00:00,11.6
2022-10-18 00:00:00,8.43
2022-10-18 12:00:00,13.3
2022-10-19 00:00:00,11.9
2022-10-19 12:00:00,11.6
2022-10-20 00:00:00,7.02
2022-10-20 12:00:00,7.9
2022-10-21 00:00:00,4.83
2022-10-21 12:00:00,7.14
2022-10-22 00:00:00,4.79
2022-10-22 12:00:00,7.01
2022-10-23 00:00:00,2.15
2022-10-23 12:00:00,5.84
2022-10-24 00:00:00,4.58
2022-10-24 12:00:00,8.71
2022-10-25 00:00:00,4.17
2022-10-25 12:00:00,21.5
2022-10-26 00:00:00,14
2022-10-26 12:00:00,13.8
2022-10-27 00:00:00,7.53
2022-10-27 12:00:00,15
2022-10-28 00:00:00,7.13
2022-10-28 12:00:00,15.6
2022-10-29 00:00:00,7.34
2022-10-29 12:00:00,10.4
2022-10-30 00:00:00,7.98
2022-10-30 12:00:00,10.1
2022-10-31 00:00:00,6.74
2022-10-31 12:00:00,8.42
2022-11-01 00:00:00,8.31
2022-11-01 12:00:00,10.3
2022-11-02 00:00:00,8.03
2022-11-02 12:00:00,19.3
2022-11-03 00:00:00,9.65
2022-11-03 12:00:00,11.4
2022-11-04 00:00:00,10
2022-11-04 12:00:00,17.8
2022-11-05 00:00:00,11.1
2022-11-05 12:00:00,9.29
2022-11-06 00:00:00,5.18
2022-11-06 12:00:00,11.5
2022-11-07 00:00:00,6.35
2022-11-07 12:00:00,14.8
2022-11-08 00:00:00,9.76
2022-11-08 12:00:00,14.2
2022-11-09 00:00:00,11.2
2022-11-09 12:00:00,16.3
2022-11-10 00:00:00,14.9
2022-11-10 12:00:00,17.2
2022-11-11 00:00:00,13.2
2022-11-11 12:00:00,13.7
2022-11-12 00:00:00,6.48
2022-11-12 12:00:00,13.8
2022-11-13 00:00:00,9.82
2022-11-13 12:00:00,11.2
2022-11-14 00:00:00,10.8
2022-11-14 12:00:00,19.6
2022-11-15 00:00:00,23.4
2022-11-15 12:00:00,24.9
2022-11-16 00:00:00,23.4
2022-11-16 12:00:00,28.2
2022-11-17 00:00:00,24.4
2022-11-17 12:00:00,29.1
2022-11-18 00:00:00,35.4
2022-11-18 12:00:00,37.2
2022-11-19 00:00:00,22.4
2022-11-19 12:00:00,23.9
2022-11-20 00:00:00,11.7
2022-11-20 12:00:00,18.1
2022-11-21 00:00:00,14.7
2022-11-21 12:00:00,22.9
2022-11-22 00:00:00,15.7
2022-11-22 12:00:00,24.8
2022-11-23 00:00:00,17.4
2022-11-23 12:00:00,26.8
2022-11-24 00:00:00,26.9
2022-11-24 12:00:00,23.9
2022-11-25 00:00:00,21.6
2022-11-25 12:00:00,26.6
2022-11-26 00:00:00,26.9
2022-11-26 12:00:00,25.3
2022-11-27 00:00:00,10.2
2022-11-27 12:00:00,12.8
2022-11-28 00:00:00,13
2022-11-28 12:00:00,19.9
2022-11-29 00:00:00,16.2
2022-11-29 12:00:00,17.9
2022-11-30 00:00:00,12.1
2022-11-30 12:00:00,29.7
2022-12-01 00:00:00,14.1
2022-12-01 12:00:00,27.2
2022-12-02 00:00:00,18.7
2022-12-02 12:00:00,28.6
2022-12-03 00:00:00,21.9
2022-12-03 12:00:00,17.1
2022-12-04 00:00:00,12.5
2022-12-04 12:00:00,13.7
2022-12-05 00:00:00,14.2
2022-12-05 12:00:00,15.9
2022-12-06 00:00:00,10.7
2022-12-06 12:00:00,20.7
2022-12-07 00:00:00,7.69
2022-12-07 12:00:00,8.54
2022-12-08 00:00:00,5.89
2022-12-08 12:00:00,7.93
2022-12-09 00:00:00,5.2
2022-12-09 12:00:00,8.33
2022-12-10 00:00:00,9.2
2022-12-10 12:00:00,7.15
2022-12-11 00:00:00,3.24
2022-12-11 12:00:00,3.1
2022-12-12 00:00:00,3.74
2022-12-12 12:00:00,7.45
2022-12-13 00:00:00,5.95
2022-12-13 12:00:00,5.14
2022-12-14 00:00:00,4.68
2022-12-14 12:00:00,11.1
2022-12-15 00:00:00,9.11
2022-12-15 12:00:00,11.8
2022-12-16 00:00:00,5.24
2022-12-16 12:00:00,15.6
2022-12-17 00:00:00,12.8
2022-12-17 12:00:00,12.2
2022-12-18 00:00:00,7.08
2022-12-18 12:00:00,6.52
2022-12-19 00:00:00,8.48
2022-12-19 12:00:00,13.1
2022-12-20 00:00:00,9.29
2022-12-20 12:00:00,13.6
2022-12-21 00:00:00,8.83
2022-12-21 12:00:00,9.19
2022-12-22 00:00:00,10.1
2022-12-22 12:00:00,12
2022-12-23 00:00:00,8
2022-12-23 12:00:00,14.1
2022-12-24 00:00:00,13.9
2022-12-24 12:00:00,22.1
2022-12-25 00:00:00,9.09
2022-12-25 12:00:00,12.9
2022-12-26 00:00:00,6.81
2022-12-26 12:00:00,15.8
2022-12-27 00:00:00,12.8
2022-12-27 12:00:00,22
2022-12-28 00:00:00,8.57
2022-12-28 12:00:00,16.8
2022-12-29 00:00:00,13.1
2022-12-29 12:00:00,14.3
2022-12-30 00:00:00,11.7
2022-12-30 12:00:00,15.5
2022-12-31 00:00:00,5.32
2022-12-31 12:00:00,8.24
2023-01-01 00:00:00,2.95
2023-01-01 12:00:00,2.81
2023-01-02 00:00:00,2.59
2023-01-02 12:00:00,4.56
2023-01-03 00:00:00,4.42
2023-01-03 12:00:00,9.34
2023-01-04 00:00:00,6.06
2023-01-04 12:00:00,11.1
2023-01-05 00:00:00,5.98
2023-01-05 12:00:00,9.24
2023-01-06 00:00:00,8.17
2023-01-06 12:00:00,4.8
2023-01-07 00:00:00,2.2
2023-01-07 12:00:00,4.18
2023-01-08 00:00:00,2.06
2023-01-08 12:00:00,2.85
2023-01-09 00:00:00,3
2023-01-09 12:00:00,7.15
2023-01-10 00:00:00,5.56
2023-01-10 12:00:00,4.96
2023-01-11 00:00:00,4.98
2023-01-11 12:00:00,11.6
2023-01-12 00:00:00,7.86
2023-01-12 12:00:00,11.8
2023-01-13 00:00:00,7.76
2023-01-13 12:00:00,9.61
2023-01-14 00:00:00,6.8
2023-01-14 12:00:00,4.81
2023-01-15 00:00:00,3.44
2023-01-15 12:00:00,2.42
2023-01-16 00:00:00,2.77
2023-01-16 12:00:00,6.03
2023-01-17 00:00:00,3.81
2023-01-17 12:00:00,9.11
2023-01-18 00:00:00,9.19
2023-01-18 12:00:00,11
2023-01-19 00:00:00,7.28
2023-01-19 12:00:00,12.6
2023-01-20 00:00:00,8.33
2023-01-20 12:00:00,16.6
2023-01-21 00:00:00,13.5
2023-01-21 12:00:00,8.74
2023-01-22 00:00:00,8.12
2023-01-22 12:00:00,8.56
2023-01-23 00:00:00,6.26
2023-01-23 12:00:00,10.2
2023-01-24 00:00:00,9.41
2023-01-24 12:00:00,12.7
2023-01-25 00:00:00,5.29
2023-01-25 12:00:00,5.41
2023-01-26 00:00:00,3.78
2023-01-26 12:00:00,7.2
2023-01-27 00:00:00,3.73
2023-01-27 12:00:00,13
2023-01-28 00:00:00,5.72
2023-01-28 12:00:00,4.88
2023-01-29 00:00:00,3.34
2023-01-29 12:00:00,2.59
2023-01-30 00:00:00,2.99
2023-01-30 12:00:00,7.86
2023-01-31 00:00:00,11.3
2023-01-31 12:00:00,15.2
2023-02-01 00:00:00,12.1
2023-02-01 12:00:00,16.1
2023-02-02 00:00:00,10.2
2023-02-02 12:00:00,16.6
2023-02-03 00:00:00,9.63
2023-02-03 12:00:00,24.2
2023-02-04 00:00:00,17.3
2023-02-04 12:00:00,15.8
2023-02-05 00:00:00,8.66
2023-02-05 12:00:00,13
2023-02-06 00:00:00,10.7
2023-02-06 12:00:00,15.5
2023-02-07 00:00:00,16.9
2023-02-07 12:00:00,16.2
2023-02-08 00:00:00,12.5
2023-02-08 12:00:00,14.6
2023-02-09 00:00:00,11.9
2023-02-09 12:00:00,10.9
2023-02-10 00:00:00,12.1
2023-02-10 12:00:00,21.8
2023-02-11 00:00:00,15.1
2023-02-11 12:00:00,18
2023-02-12 00:00:00,15
2023-02-12 12:00:00,13.6
2023-02-13 00:00:00,12.9
2023-02-13 12:00:00,16.9
2023-02-14 00:00:00,13.8
2023-02-14 12:00:00,19.6
2023-02-15 00:00:00,21.3
2023-02-15 12:00:00,23.7
2023-02-16 00:00:00,16.4
2023-02-16 12:00:00,21.4
2023-02-17 00:00:00,17.7
2023-02-17 12:00:00,18.6
2023-02-18 00:00:00,13.8
2023-02-18 12:00:00,14.1
2023-02-19 00:00:00,9.91
2023-02-19 12:00:00,12.9
2023-02-20 00:00:00,10.7
2023-02-20 12:00:00,14.6
2023-02-21 00:00:00,11.4
2023-02-21 12:00:00,12.4
2023-02-22 00:00:00,13.3
2023-02-22 12:00:00,13.4
2023-02-23 00:00:00,12.9
2023-02-23 12:00:00,14.2
2023-02-24 00:00:00,11.9
2023-02-24 12:00:00,14.7
2023-02-25 00:00:00,12.3
2023-02-25 12:00:00,15.7
2023-02-26 00:00:00,12.2
2023-02-26 12:00:00,10.2
2023-02-27 00:00:00,10.7
2023-02-27 12:00:00,21
2023-02-28 00:00:00,13.1
2023-02-28 12:00:00,22.1
2023-03-01 00:00:00,15.9
2023-03-01 12:00:00,13.7
2023-03-02 00:00:00,13.3
2023-03-02 12:00:00,21.6
2023-03-03 00:00:00,14.9
2023-03-03 12:00:00,18.2
2023-03-04 00:00:00,13.7
2023-03-04 12:00:00,14.6
2023-03-05 00:00:00,11.2
2023-03-05 12:00:00,15.9
2023-03-06 00:00:00,11.2
2023-03-06 12:00:00,23.4
2023-03-07 00:00:00,13.8
2023-03-07 12:00:00,16.9
2023-03-08 00:00:00,13.2
2023-03-08 12:00:00,29.8
2023-03-09 00:00:00,31.1
2023-03-09 12:00:00,38.3
2023-03-10 00:00:00,34
2023-03-10 12:00:00,32.3
2023-03-11 00:00:00,14.7
2023-03-11 12:00:00,18.5
2023-03-12 00:00:00,13.2
2023-03-12 12:00:00,17.3
2023-03-13 00:00:00,15.5
2023-03-13 12:00:00,16.7
2023-03-14 00:00:00,19.4
2023-03-14 12:00:00,29.4
2023-03-15 00:00:00,19.9
2023-03-15 12:00:00,25.8
2023-03-16 00:00:00,20.9
2023-03-16 12:00:00,28.9
2023-03-17 00:00:00,25.4
2023-03-17 12:00:00,34.7
2023-03-18 00:00:00,20.6
2023-03-18 12:00:00,24.1
2023-03-19 00:00:00,20
2023-03-19 12:00:00,23.6
2023-03-20 00:00:00,16.1
2023-03-20 12:00:00,21.1
2023-03-21 00:00:00,15.3
2023-03-21 12:00:00,22.7
2023-03-22 00:00:00,18.7
2023-03-22 12:00:00,25.6
2023-03-23 00:00:00,22.1
2023-03-23 12:00:00,23.4
2023-03-24 00:00:00,26
2023-03-24 12:00:00,28.9
2023-03-25 00:00:00,23.8
2023-03-25 12:00:00,20.3
2023-03-26 00:00:00,13.8
2023-03-26 12:00:00,16.7
2023-03-27 00:00:00,14.2
2023-03-27 12:00:00,16.4
2023-03-28 00:00:00,16.4
2023-03-28 12:00:00,24.2
2023-03-29 00:00:00,16.7
2023-03-29 12:00:00,20.3
2023-03-30 00:00:00,17.8
2023-03-30 12:00:00,19
2023-03-31 00:00:00,14.1
2023-03-31 12:00:00,32.8
2023-04-01 00:00:00,30.9
2023-04-01 12:00:00,16.4
2023-04-02 00:00:00,12.4
2023-04-02 12:00:00,15.7
2023-04-03 00:00:00,12.2
2023-04-03 12:00:00,25.3
2023-04-04 00:00:00,15.9
2023-04-04 12:00:00,19.5
2023-04-05 00:00:00,21.1
2023-04-05 12:00:00,23.6
2023-04-06 00:00:00,14.7
2023-04-06 12:00:00,21.6
2023-04-07 00:00:00,16.2
2023-04-07 12:00:00,17.2
2023-04-08 00:00:00,12.9
2023-04-08 12:00:00,13.2
2023-04-09 00:00:00,8.78
2023-04-09 12:00:00,12.2
2023-04-10 00:00:00,10.5
2023-04-10 12:00:00,18.3
2023-04-11 00:00:00,15.2
2023-04-11 12:00:00,18.6
2023-04-12 00:00:00,11.1
2023-04-12 12:00:00,12.9
2023-04-13 00:00:00,14.8
2023-04-13 12:00:00,16.9
2023-04-14 00:00:00,11.5
2023-04-14 12:00:00,21.8
2023-04-15 00:00:00,9.61
2023-04-15 12:00:00,12.8
2023-04-16 00:00:00,8.18
2023-04-16 12:00:00,11.6
2023-04-17 00:00:00,7.95
2023-04-17 12:00:00,15
2023-04-18 00:00:00,8.42
2023-04-18 12:00:00,11.9
2023-04-19 00:00:00,9.38
2023-04-19 12:00:00,14.9
2023-04-20 00:00:00,8.94
2023-04-20 12:00:00,19.9
2023-04-21 00:00:00,12.2
2023-04-21 12:00:00,15.3
2023-04-22 00:00:00,7.31
2023-04-22 12:00:00,8.07
2023-04-23 00:00:00,4.47
2023-04-23 12:00:00,8.69
2023-04-24 00:00:00,8.59
2023-04-24 12:00:00,15.4
2023-04-25 00:00:00,17.7
2023-04-25 12:00:00,18.5
2023-04-26 00:00:00,16.4
2023-04-26 12:00:00,30.6
2023-04-27 00:00:00,21.9
2023-04-27 12:00:00,37
2023-04-28 00:00:00,19.4
2023-04-28 12:00:00,35.5
2023-04-29 00:00:00,22
2023-04-29 12:00:00,32
2023-04-30 00:00:00,22.9
2023-04-30 12:00:00,34.2
2023-05-01 00:00:00,29.7
2023-05-01 12:00:00,43.7
2023-05-02 00:00:00,58.2
2023-05-02 12:00:00,107
2023-05-03 00:00:00,81.7
2023-05-03 12:00:00,72.6
2023-05-04 00:00:00,41.8
2023-05-04 12:00:00,109
2023-05-05 00:00:00,80.5
2023-05-05 12:00:00,141
2023-05-06 00:00:00,107
2023-05-06 12:00:00,112
2023-05-07 00:00:00,169
2023-05-07 12:00:00,306
2023-05-08 00:00:00,439
2023-05-08 12:00:00,468
2023-05-09 00:00:00,240
2023-05-09 12:00:00,235
2023-05-10 00:00:00,221
2023-05-10 12:00:00,133
2023-05-11 00:00:00,67.7
2023-05-11 12:00:00,114
2023-05-12 00:00:00,58.9
2023-05-12 12:00:00,118
2023-05-13 00:00:00,46.9
2023-05-13 12:00:00,64.3
2023-05-14 00:00:00,49.8
2023-05-14 12:00:00,31.6
2023-05-15 00:00:00,40.9
2023-05-15 12:00:00,54.4
2023-05-16 00:00:00,61.6
2023-05-16 12:00:00,71.7
2023-05-17 00:00:00,37.6
2023-05-17 12:00:00,64.4
2023-05-18 00:00:00,54.8
2023-05-18 12:00:00,102
2023-05-19 00:00:00,81.1
2023-05-19 12:00:00,65.4
2023-05-20 00:00:00,62.2
2023-05-20 12:00:00,63.5
2023-05-21 00:00:00,43.7
2023-05-21 12:00:00,44.4
2023-05-22 00:00:00,42.6
2023-05-22 12:00:00,51.2
2023-05-23 00:00:00,44.4
2023-05-23 12:00:00,57.3
2023-05-24 00:00:00,46.4
2023-05-24 12:00:00,53.2
2023-05-25 00:00:00,56.4
2023-05-25 12:00:00,62.6
2023-05-26 00:00:00,66.1
2023-05-26 12:00:00,60.8
2023-05-27 00:00:00,46.6
2023-05-27 12:00:00,44.2
2023-05-28 00:00:00,40.9
2023-05-28 12:00:00,45.7
2023-05-29 00:00:00,43.1
2023-05-29 12:00:00,52.4
2023-05-30 00:00:00,49.5
2023-05-30 12:00:00,58.4
2023-05-31 00:00:00,48.6
2023-05-31 12:00:00,56.2
2023-06-01 00:00:00,45.5
2023-06-01 12:00:00,44.6
2023-06-02 00:00:00,37.5
2023-06-02 12:00:00,35.1
2023-06-03 00:00:00,27.3
2023-06-03 12:00:00,30.1
2023-06-04 00:00:00,24.7
2023-06-04 12:00:00,20
2023-06-05 00:00:00,23.5
2023-06-05 12:00:00,52.2
2023-06-06 00:00:00,39
2023-06-06 12:00:00,66.8
2023-06-07 00:00:00,64.8
2023-06-07 12:00:00,66.9
2023-06-08 00:00:00,36.2
2023-06-08 12:00:00,37.1
2023-06-09 00:00:00,27.7
2023-06-09 12:00:00,47.4
2023-06-10 00:00:00,25.3
2023-06-10 12:00:00,26.6
2023-06-11 00:00:00,16.4
2023-06-11 12:00:00,19.4
2023-06-12 00:00:00,17.7
2023-06-12 12:00:00,26.6
2023-06-13 00:00:00,18.8
2023-06-13 12:00:00,24.3
2023-06-14 00:00:00,25.6
2023-06-14 12:00:00,29.7
2023-06-15 00:00:00,18.1
2023-06-15 12:00:00,27.8
2023-06-16 00:00:00,17.3
2023-06-16 12:00:00,35.8
2023-06-17 00:00:00,26.8
2023-06-17 12:00:00,22.6
2023-06-18 00:00:00,16.8
2023-06-18 12:00:00,15.2
2023-06-19 00:00:00,15.1
2023-06-19 12:00:00,20
2023-06-20 00:00:00,17.9
2023-06-20 12:00:00,29.4
2023-06-21 00:00:00,23.5
2023-06-21 12:00:00,38.3
2023-06-22 00:00:00,29.7
2023-06-22 12:00:00,28.3
2023-06-23 00:00:00,23.9
2023-06-23 12:00:00,32.3
2023-06-24 00:00:00,18.2
2023-06-24 12:00:00,19.5
2023-06-25 00:00:00,16.4
2023-06-25 12:00:00,17.3
2023-06-26 00:00:00,15.7
2023-06-26 12:00:00,24.1
2023-06-27 00:00:00,17.2
2023-06-27 12:00:00,21.9
2023-06-28 00:00:00,19.6
2023-06-28 12:00:00,31.2
2023-06-29 00:00:00,19.4
2023-06-29 12:00:00,20.6
2023-06-30 00:00:00,15.9
2023-06-30 12:00:00,20.1
2023-07-01 00:00:00,15.3
2023-07-01 12:00:00,16.8
2023-07-02 00:00:00,11.7
2023-07-02 12:00:00,11.1
2023-07-03 00:00:00,13.1
2023-07-03 12:00:00,19.6
2023-07-04 00:00:00,13.8
2023-07-04 12:00:00,14.6
2023-07-05 00:00:00,9.16
2023-07-05 12:00:00,12.4
2023-07-06 00:00:00,10.5
2023-07-06 12:00:00,12.7
2023-07-07 00:00:00,8.46
2023-07-07 12:00:00,10.1
2023-07-08 00:00:00,5.88
2023-07-08 12:00:00,8.42
2023-07-09 00:00:00,6.05
2023-07-09 12:00:00,6.68
2023-07-10 00:00:00,6.43
2023-07-10 12:00:00,10.4
2023-07-11 00:00:00,7.51
2023-07-11 12:00:00,14.1
2023-07-12 00:00:00,8.98
2023-07-12 12:00:00,12.8
2023-07-13 00:00:00,9.28
2023-07-13 12:00:00,18.3
2023-07-14 00:00:00,11.8
2023-07-14 12:00:00,15.5
2023-07-15 00:00:00,9.81
2023-07-15 12:00:00,10.8
2023-07-16 00:00:00,8.05
2023-07-16 12:00:00,8.38
2023-07-17 00:00:00,8.56
2023-07-17 12:00:00,11.7
2023-07-18 00:00:00,7.72
2023-07-18 12:00:00,11.8
2023-07-19 00:00:00,8.75
2023-07-19 12:00:00,11
2023-07-20 00:00:00,11.5
2023-07-20 12:00:00,19.9
2023-07-21 00:00:00,14.5
2023-07-21 12:00:00,19.3
2023-07-22 00:00:00,14.5
2023-07-22 12:00:00,51.9
2023-07-23 00:00:00,10.2
2023-07-23 12:00:00,11.3
2023-07-24 00:00:00,10.6
2023-07-24 12:00:00,12.9
2023-07-25 00:00:00,8.06
2023-07-25 12:00:00,13
2023-07-26 00:00:00,8.78
2023-07-26 12:00:00,11.5
2023-07-27 00:00:00,10.8
2023-07-27 12:00:00,13.3
2023-07-28 00:00:00,11.1
2023-07-28 12:00:00,13.6
2023-07-29 00:00:00,9.25
2023-07-29 12:00:00,12.4
2023-07-30 00:00:00,10.4
2023-07-30 12:00:00,7.84
2023-07-31 00:00:00,8.02
2023-07-31 12:00:00,10.7
2023-08-01 00:00:00,9.91
2023-08-01 12:00:00,11.7
2023-08-02 00:00:00,9.32
2023-08-02 12:00:00,13.3
2023-08-03 00:00:00,10.9
2023-08-03 12:00:00,16.7
2023-08-04 00:00:00,12.7
2023-08-04 12:00:00,20.3
2023-08-05 00:00:00,12.5
2023-08-05 12:00:00,10.3
2023-08-06 00:00:00,9.34
2023-08-06 12:00:00,8.15
2023-08-07 00:00:00,8.78
2023-08-07 12:00:00,17.5
2023-08-08 00:00:00,14
2023-08-08 12:00:00,27.4
2023-08-09 00:00:00,12
2023-08-09 12:00:00,16.9
2023-08-10 00:00:00,13.4
2023-08-10 12:00:00,22.2
2023-08-11 00:00:00,10.7
2023-08-11 12:00:00,15.8
2023-08-12 00:00:00,9.5
2023-08-12 12:00:00,9.11
2023-08-13 00:00:00,8.1
2023-08-13 12:00:00,8.63
2023-08-14 00:00:00,8.45
2023-08-14 12:00:00,9.71
2023-08-15 00:00:00,7.61
2023-08-15 12:00:00,10.1
2023-08-16 00:00:00,8.93
2023-08-16 12:00:00,8.91
2023-08-17 00:00:00,9.03
2023-08-17 12:00:00,11.6
2023-08-18 00:00:00,10.5
2023-08-18 12:00:00,16.6
2023-08-19 00:00:00,10.3
2023-08-19 12:00:00,8.78
2023-08-20 00:00:00,7.51
2023-08-20 12:00:00,7.9
2023-08-21 00:00:00,7.44
2023-08-21 12:00:00,8.6
2023-08-22 00:00:00,8.17
2023-08-22 12:00:00,14.3
2023-08-23 00:00:00,9.27
2023-08-23 12:00:00,13.3
2023-08-24 00:00:00,8.61
2023-08-24 12:00:00,11.5
2023-08-25 00:00:00,9.41
2023-08-25 12:00:00,13.5
2023-08-26 00:00:00,9.25
2023-08-26 12:00:00,10.3
2023-08-27 00:00:00,9.62
2023-08-27 12:00:00,11.2
2023-08-28 00:00:00,9.26
2023-08-28 12:00:00,12.9
2023-08-29 00:00:00,8.44
2023-08-29 12:00:00,13
2023-08-30 00:00:00,9.74
2023-08-30 12:00:00,15
2023-08-31 00:00:00,14.7
2023-08-31 12:00:00,16
2023-09-01 00:00:00,12.8
2023-09-01 12:00:00,16.2
2023-09-02 00:00:00,11.9
2023-09-02 12:00:00,15.6
2023-09-03 00:00:00,10.4
2023-09-03 12:00:00,12
2023-09-04 00:00:00,11.9
2023-09-04 12:00:00,14.5
2023-09-05 00:00:00,15.2
2023-09-05 12:00:00,19.5
2023-09-06 00:00:00,18.1
2023-09-06 12:00:00,22.6
2023-09-07 00:00:00,18.7
2023-09-07 12:00:00,19.3
2023-09-08 00:00:00,18.4
2023-09-08 12:00:00,29.6
2023-09-09 00:00:00,19.1
2023-09-09 12:00:00,17.9
2023-09-10 00:00:00,16.8
2023-09-10 12:00:00,17.5
2023-09-11 00:00:00,16.7
2023-09-11 12:00:00,19.3
2023-09-12 00:00:00,17
2023-09-12 12:00:00,23
2023-09-13 00:00:00,17.7
2023-09-13 12:00:00,20.2
2023-09-14 00:00:00,16.6
2023-09-14 12:00:00,17.4
2023-09-15 00:00:00,15.3
2023-09-15 12:00:00,16.1
2023-09-16 00:00:00,14.7
2023-09-16 12:00:00,16.3
2023-09-17 00:00:00,16.2
2023-09-17 12:00:00,19.4
2023-09-18 00:00:00,24.2
2023-09-18 12:00:00,32.5
2023-09-19 00:00:00,28.1
2023-09-19 12:00:00,34.6
2023-09-20 00:00:00,26.3
2023-09-20 12:00:00,32.1
2023-09-21 00:00:00,29.4
2023-09-21 12:00:00,31.6
2023-09-22 00:00:00,26.6
2023-09-22 12:00:00,39.2
2023-09-23 00:00:00,26.9
2023-09-23 12:00:00,32.3
2023-09-24 00:00:00,22.9
2023-09-24 12:00:00,20.9
2023-09-25 00:00:00,18.4
2023-09-25 12:00:00,18.7
2023-09-26 00:00:00,13.6
2023-09-26 12:00:00,18.6
2023-09-27 00:00:00,13.3
2023-09-27 12:00:00,22.7
2023-09-28 00:00:00,15.3
2023-09-28 12:00:00,20.1
2023-09-29 00:00:00,15.2
2023-09-29 12:00:00,21.2
2023-09-30 00:00:00,10.7
2023-09-30 12:00:00,12.3
2023-10-01 00:00:00,9.1
2023-10-01 12:00:00,11.5
2023-10-02 00:00:00,8.71
2023-10-02 12:00:00,21
2023-10-03 00:00:00,9.89
2023-10-03 12:00:00,19.4
2023-10-04 00:00:00,12.8
2023-10-04 12:00:00,21.9
2023-10-05 00:00:00,16.5
2023-10-05 12:00:00,16
2023-10-06 00:00:00,21.6
2023-10-06 12:00:00,22.1
2023-10-07 00:00:00,23.7
2023-10-07 12:00:00,12
2023-10-08 00:00:00,6.9
2023-10-08 12:00:00,8.39
2023-10-09 00:00:00,8.36
2023-10-09 12:00:00,14.2
2023-10-10 00:00:00,6.91
2023-10-10 12:00:00,8.85
2023-10-11 00:00:00,9.93
2023-10-11 12:00:00,15.9
2023-10-12 00:00:00,11.6
2023-10-12 12:00:00,16.3
2023-10-13 00:00:00,13.6
2023-10-13 12:00:00,13
2023-10-14 00:00:00,6.05
2023-10-14 12:00:00,6.45
2023-10-15 00:00:00,2.87
2023-10-15 12:00:00,6.29
2023-10-16 00:00:00,7.42
2023-10-16 12:00:00,16
2023-10-17 00:00:00,9.36
2023-10-17 12:00:00,10.4
2023-10-18 00:00:00,7.68
2023-10-18 12:00:00,12.1
2023-10-19 00:00:00,7.09
2023-10-19 12:00:00,15.9
2023-10-20 00:00:00,12.1
2023-10-20 12:00:00,13
2023-10-21 00:00:00,7.79
2023-10-21 12:00:00,9.17
2023-10-22 00:00:00,6.14
2023-10-22 12:00:00,6.76
2023-10-23 00:00:00,5.22
2023-10-23 12:00:00,10.4
2023-10-24 00:00:00,17.2
2023-10-24 12:00:00,37.3
2023-10-25 00:00:00,21
2023-10-25 12:00:00,28.7
2023-10-26 00:00:00,12.7
2023-10-26 12:00:00,21.3
2023-10-27 00:00:00,11.1
2023-10-27 12:00:00,15.2
2023-10-28 00:00:00,8.77
2023-10-28 12:00:00,8.88
2023-10-29 00:00:00,7.85
2023-10-29 12:00:00,7.56
2023-10-30 00:00:00,7.39
2023-10-30 12:00:00,11.5
2023-10-31 00:00:00,7.07
2023-10-31 12:00:00,12.9
2023-11-01 00:00:00,8.5
2023-11-01 12:00:00,15.2
2023-11-02 00:00:00,11.1
2023-11-02 12:00:00,14.4
2023-11-03 00:00:00,12.9
2023-11-03 12:00:00,31.5
2023-11-04 00:00:00,41.9
2023-11-04 12:00:00,46.9
2023-11-05 00:00:00,44.4
2023-11-05 12:00:00,34.1
2023-11-06 00:00:00,45.3
2023-11-06 12:00:00,60.3
2023-11-07 00:00:00,49.4
2023-11-07 12:00:00,76.6
2023-11-08 00:00:00,58.4
2023-11-08 12:00:00,87.8
2023-11-09 00:00:00,132
2023-11-09 12:00:00,181
2023-11-10 00:00:00,64.8
2023-11-10 12:00:00,97.1
2023-11-11 00:00:00,44.1
2023-11-11 12:00:00,59.6
2023-11-12 00:00:00,41.5
2023-11-12 12:00:00,64.7
2023-11-13 00:00:00,70.8
2023-11-13 12:00:00,74.7
2023-11-14 00:00:00,51.7
2023-11-14 12:00:00,80
2023-11-15 00:00:00,53.6
2023-11-15 12:00:00,117
2023-11-16 00:00:00,212
2023-11-16 12:00:00,188
2023-11-17 00:00:00,167
2023-11-17 12:00:00,137
2023-11-18 00:00:00,204
2023-11-18 12:00:00,195
2023-11-19 00:00:00,88.9
2023-11-19 12:00:00,98.9
2023-11-20 00:00:00,79.5
2023-11-20 12:00:00,83.6
2023-11-21 00:00:00,95.4
2023-11-21 12:00:00,80.1
2023-11-22 00:00:00,98.3
2023-11-22 12:00:00,89.6
2023-11-23 00:00:00,87.1
2023-11-23 12:00:00,84
2023-11-24 00:00:00,51.5
2023-11-24 12:00:00,48.8
2023-11-25 00:00:00,56.1
2023-11-25 12:00:00,49.4
2023-11-26 00:00:00,48.7
2023-11-26 12:00:00,50.5
2023-11-27 00:00:00,63.5
2023-11-27 12:00:00,65
2023-11-28 00:00:00,51.2
2023-11-28 12:00:00,41.9
2023-11-29 00:00:00,39.5
2023-11-29 12:00:00,44.9
2023-11-30 00:00:00,47.6
2023-11-30 12:00:00,42.8
2023-12-01 00:00:00,56.4
2023-12-01 12:00:00,45
2023-12-02 00:00:00,37.7
2023-12-02 12:00:00,57.4
2023-12-03 00:00:00,82.5
2023-12-03 12:00:00,83.4
2023-12-04 00:00:00,75.1
2023-12-04 12:00:00,114
2023-12-05 00:00:00,141
2023-12-05 12:00:00,198
2023-12-06 00:00:00,234
2023-12-06 12:00:00,176
2023-12-07 00:00:00,129
2023-12-07 12:00:00,150
2023-12-08 00:00:00,103
2023-12-08 12:00:00,79
2023-12-09 00:00:00,64.5
2023-12-09 12:00:00,66.5
2023-12-10 00:00:00,55.8
2023-12-10 12:00:00,60.7
2023-12-11 00:00:00,60.4
2023-12-11 12:00:00,79.7
2023-12-12 00:00:00,60.3
2023-12-12 12:00:00,81.2
2023-12-13 00:00:00,76.8
2023-12-13 12:00:00,160
2023-12-14 00:00:00,237
2023-12-14 12:00:00,176
2023-12-15 00:00:00,275
2023-12-15 12:00:00,199
2023-12-16 00:00:00,218
2023-12-16 12:00:00,478
2023-12-17 00:00:00,399
2023-12-17 12:00:00,284
2023-12-18 00:00:00,189
2023-12-18 12:00:00,186
2023-12-19 00:00:00,269
2023-12-19 12:00:00,209
2023-12-20 00:00:00,324
2023-12-20 12:00:00,246
2023-12-21 00:00:00,206
2023-12-21 12:00:00,280
2023-12-22 00:00:00,190
2023-12-22 12:00:00,145
2023-12-23 00:00:00,104
2023-12-23 12:00:00,115
2023-12-24 00:00:00,97.5
2023-12-24 12:00:00,89
2023-12-25 00:00:00,99.1
2023-12-25 12:00:00,123
2023-12-26 00:00:00,106
2023-12-26 12:00:00,133
2023-12-27 00:00:00,119
2023-12-27 12:00:00,298
2023-12-28 00:00:00,191
2023-12-28 12:00:00,139
2023-12-29 00:00:00,92.4
2023-12-29 12:00:00,137
2023-12-30 00:00:00,133
2023-12-30 12:00:00,182
2023-12-31 00:00:00,198
2023-12-31 12:00:00,233
2024-01-01 00:00:00,153
2024-01-01 12:00:00,103
2024-01-02 00:00:00,85.7
2024-01-02 12:00:00,80
2024-01-03 00:00:00,69.5
2024-01-03 12:00:00,81.9
2024-01-04 00:00:00,62.7
2024-01-04 12:00:00,53.8
2024-01-05 00:00:00,56
2024-01-05 12:00:00,72.4
2024-01-06 00:00:00,49.2
2024-01-06 12:00:00,45.6
2024-01-07 00:00:00,57.2
2024-01-07 12:00:00,50
2024-01-08 00:00:00,57.7
2024-01-08 12:00:00,107
2024-01-09 00:00:00,55
2024-01-09 12:00:00,55.8
2024-01-10 00:00:00,43.9
2024-01-10 12:00:00,49.7
2024-01-11 00:00:00,36.2
2024-01-11 12:00:00,54.7
2024-01-12 00:00:00,49.1
2024-01-12 12:00:00,52
2024-01-13 00:00:00,44.3
2024-01-13 12:00:00,100
2024-01-14 00:00:00,178
2024-01-14 12:00:00,158
2024-01-15 00:00:00,97.3
2024-01-15 12:00:00,72.3
2024-01-16 00:00:00,78
2024-01-16 12:00:00,110
2024-01-17 00:00:00,68.9
2024-01-17 12:00:00,72.3
2024-01-18 00:00:00,86.5
2024-01-18 12:00:00,59.6
2024-01-19 00:00:00,47.7
2024-01-19 12:00:00,55
2024-01-20 00:00:00,38.3
2024-01-20 12:00:00,45.4
2024-01-21 00:00:00,43.9
2024-01-21 12:00:00,52.3
2024-01-22 00:00:00,43.9
2024-01-22 12:00:00,39.7
2024-01-23 00:00:00,34.6
2024-01-23 12:00:00,68.2
2024-01-24 00:00:00,34.1
2024-01-24 12:00:00,34
2024-01-25 00:00:00,32.5
2024-01-25 12:00:00,33
2024-01-26 00:00:00,28
2024-01-26 12:00:00,37.2
2024-01-27 00:00:00,29.6
2024-01-27 12:00:00,32.5
2024-01-28 00:00:00,34
2024-01-28 12:00:00,32.9
2024-01-29 00:00:00,32.3
2024-01-29 12:00:00,34.6
2024-01-30 00:00:00,30.6
2024-01-30 12:00:00,34.5
2024-01-31 00:00:00,33.9
2024-01-31 12:00:00,36.1
2024-02-01 00:00:00,31.6
2024-02-01 12:00:00,38.9
2024-02-02 00:00:00,30.1
2024-02-02 12:00:00,32.9
2024-02-03 00:00:00,42.4
2024-02-03 12:00:00,180
2024-02-04 00:00:00,30
2024-02-04 12:00:00,50.4
2024-02-05 00:00:00,26.2
2024-02-05 12:00:00,31.8
2024-02-06 00:00:00,24.9
2024-02-06 12:00:00,27.1
2024-02-07 00:00:00,23.8
2024-02-07 12:00:00,53.6
2024-02-08 00:00:00,25.3
2024-02-08 12:00:00,31.3
2024-02-09 00:00:00,26
2024-02-09 12:00:00,25.8
2024-02-10 00:00:00,22.5
2024-02-10 12:00:00,27.3
2024-02-11 00:00:00,17.1
2024-02-11 12:00:00,17.3
2024-02-12 00:00:00,15.4
2024-02-12 12:00:00,48.8
2024-02-13 00:00:00,18.6
2024-02-13 12:00:00,21.1
2024-02-14 00:00:00,32.4
2024-02-14 12:00:00,34.2
2024-02-15 00:00:00,18.5
2024-02-15 12:00:00,22
2024-02-16 00:00:00,16.5
2024-02-16 12:00:00,24.2
2024-02-17 00:00:00,17.1
2024-02-17 12:00:00,15.8
2024-02-18 00:00:00,15.8
2024-02-18 12:00:00,18.7
2024-02-19 00:00:00,15.8
2024-02-19 12:00:00,21.7
2024-02-20 00:00:00,17.5
2024-02-20 12:00:00,21.5
2024-02-21 00:00:00,17.1
2024-02-21 12:00:00,22.5
2024-02-22 00:00:00,16.3
2024-02-22 12:00:00,19.4
2024-02-23 00:00:00,14.8
2024-02-23 12:00:00,18.7
2024-02-24 00:00:00,16.4
2024-02-24 12:00:00,18.8
2024-02-25 00:00:00,13.6
2024-02-25 12:00:00,11.9
2024-02-26 00:00:00,16.2
2024-02-26 12:00:00,26.2
2024-02-27 00:00:00,24.1
2024-02-27 12:00:00,41.5
2024-02-28 00:00:00,20.4
2024-02-28 12:00:00,50
2024-02-29 00:00:00,44.6
2024-02-29 12:00:00,56.8
2024-03-01 00:00:00,27.4
2024-03-01 12:00:00,38.1
2024-03-02 00:00:00,22.4
2024-03-02 12:00:00,28.5
2024-03-03 00:00:00,19.7
2024-03-03 12:00:00,31.3
2024-03-04 00:00:00,45.9
2024-03-04 12:00:00,72.2
2024-03-05 00:00:00,57.5
2024-03-05 12:00:00,49.4
2024-03-06 00:00:00,35.7
2024-03-06 12:00:00,46.9
2024-03-07 00:00:00,18.5
2024-03-07 12:00:00,22.2
2024-03-08 00:00:00,21.5
2024-03-08 12:00:00,28.6
2024-03-09 00:00:00,20.2
2024-03-09 12:00:00,22.2
2024-03-10 00:00:00,25.7
2024-03-10 12:00:00,20.5
2024-03-11 00:00:00,17.3
2024-03-11 12:00:00,25.4
2024-03-12 00:00:00,24.2
2024-03-12 12:00:00,23.4
2024-03-13 00:00:00,18.7
2024-03-13 12:00:00,19.3
2024-03-14 00:00:00,14.8
2024-03-14 12:00:00,26.1
2024-03-15 00:00:00,20.9
2024-03-15 12:00:00,30.6
2024-03-16 00:00:00,32.9
2024-03-16 12:00:00,16.2
2024-03-17 00:00:00,13.5
2024-03-17 12:00:00,14.7
2024-03-18 00:00:00,13.8
